acronym,struct_id,x,y
TMv,1,667.5067067401347,750.4377840856384
SSp-m6b,2,335.64046772979503,495.071017207275
int,6,466.92116653840543,665.5216542172202
PSV,7,565.1861662308919,1018.2231166755269
SSp-tr6a,9,132.85774518475264,680.6182923582904
SCig,10,218.0588573077648,899.5652936141475
IF,12,497.8707313701093,861.7375455090096
PT,15,448.6297488171445,584.4257671166156
SCiw,17,239.07716778080305,914.2692196898282
IG,19,292.69149494788763,483.2275757816851
ENTl2,20,487.5187332961028,898.2034173182018
AAA,23,653.0782369480348,573.4314258551287
SCdg,26,245.4726086097748,934.4900052559866
IGL,27,371.3289973691903,772.7744226834259
ENTl6a,28,453.0538965323894,906.796964934832
PVa,30,640.6897325824111,601.3993147178134
VISp6a,33,152.93288596871312,893.9893954787909
III,35,379.7251936554777,910.3967170785688
GU1,36,452.7031888548047,446.45693670189456
PVH,38,566.2813139072848,606.6561483443709
VISpm2/3,41,55.26258187716885,843.5712476814302
SCdw,42,249.19186053552613,937.071482203626
PRC,50,329.69489063067493,763.385118273523
ENTl3,52,487.7845461171683,886.7067330761988
mfb,54,559.0423962386511,784.119447146563
ACB,56,580.9411105552231,423.7422668326152
MT,58,531.4758060796162,831.9895290373172
IMD,59,407.0637718950173,695.9163312737373
mlf,62,498.3185019249085,1071.2282525587198
PVHd,63,567.60181258707,651.1556926562668
AD,64,348.3319016348672,609.2549002569609
LT,66,444.0022366360993,825.9374860210244
INC,67,395.16109773228976,842.5211468994581
FRP1,68,272.6140261967878,193.1312022454389
ADP,72,556.9877624836732,504.9259921631669
VISl6a,74,209.9257831744284,900.7040600457879
DT,75,313.2534055186867,867.9488298987077
mcp,78,554.5795214618282,953.494842251312
VL,81,334.85659698066115,605.8775141097877
IO,83,708.0039432700612,1203.6427960090512
PL6a,84,295.98834319424856,346.1715197275636
AHN,88,631.457760690352,607.7080076668252
IP,91,392.6693934227573,1152.604053617158
moV,93,600.2904785894207,921.453098236776
DCO,96,500.46789263569184,1127.2108507732817
TEa1,97,336.8031122598524,835.7129153454662
SEZ,98,306.0999384543244,494.3779197561619
IPN,100,535.0430769230769,901.238371040724
VCO,101,572.5745197554583,1064.3271011497552
nst,102,538.7719020326795,698.3051333167207
SOCm,105,673.8052291331564,998.4853033081644
ISN,106,550.1901993355482,1122.1168327796236
chpl,108,396.84027484830926,891.936421965182
SSp-ll2/3,113,95.43330363826458,585.3881547608
SOCl,114,665.2380960846712,1004.6304941717482
IV,115,377.8944612841003,958.7842380821164
och,117,703.7578631313651,543.8525036004527
PVi,118,629.9324996585965,681.4072845744162
AIp1,120,521.3844582715301,584.3292499727513
VISl6b,121,217.10088912133887,895.1481171548118
POR,122,685.1637180475168,975.8339208709768
KF,123,472.8315354496992,1037.3530472700706
opt,125,606.6425613197806,672.8861826859096
PVp,126,683.291350214358,764.2699144173798
MRN,128,392.10108693792415,894.604066373519
V3,129,392.0681337719987,639.2143722761078
LA,131,523.488334951826,726.844105830382
PL6b,132,315.0960314488956,379.65799326095095
PVpo,133,628.0887380797573,549.5992224750759
IRN,136,608.517413279241,1167.4816635811335
ENTl5,139,482.5330710105307,884.1925762926817
AQ,140,297.19104960814894,1014.1205756361412
AMBv,143,668.5248628884826,1213.9524680073123
V4,145,443.4958383877205,1122.4854693874283
PRNr,146,532.4819847536281,950.6155534321264
LC,147,428.2066823139583,1071.5917437525886
GU4,148,445.6384914410421,462.4783468594421
PVT,149,391.4143186256423,640.7515006164451
V4r,153,506.4198405822215,1167.2914529544273
LD,155,321.896326946612,660.8474880076814
AUDd6a,156,268.55059662508535,759.3187636150819
pc,158,314.2839496759436,804.3905070529928
AON,159,515.5987471164215,281.35936266856976
LDT,162,398.0718119090212,1032.2325581395348
AIp2/3,163,515.1604939500575,588.7080100143845
c,164,556.7083333333334,1272.0416666666667
PRP,169,507.8768716347454,1152.662249321827
PL1,171,267.0613171348175,287.0545325427521
RCH,173,694.9972194505422,618.2375174615845
NR,177,581.3463590290744,1238.06721792478
LGv,178,392.6770312168817,764.7871997476228
GU2/3,180,447.8998477414989,448.21940151462377
RE,181,512.1501861050963,630.6206994155026
LH,186,322.7503466601686,698.3395935228216
GU5,187,445.58118382301706,468.3145137332712
AOBgl,188,349.1665350201354,210.13385215015475
RH,189,472.172822898979,660.915363750634
py,190,720.1626058887522,1106.7281222691847
LHA,194,598.3027365357751,667.6731356817218
AOBgr,196,380.7569999273678,174.69775021789658
RL,197,443.4882150043116,860.5125754527163
pyd,198,706.002286562732,1294.651729769859
SSp-bfd2/3,201,151.70637977889766,668.058582886995
MV,202,483.4942899281288,1126.2792982378903
LIN,203,628.5483228921953,1190.175672148264
AOBmi,204,364.3526272133867,195.61336506906127
RM,206,653.0742482810523,1054.127082406869
AP,207,501.2925886632313,1265.5131100333435
LAV,209,482.8165916693907,1108.6734523552857
LM,210,621.3949692681164,791.1851144052476
ACAd2/3,211,181.53129664379776,435.0585655801454
RN,214,435.1631829756552,868.4209498759784
APN,215,328.1313768393071,806.8149251111264
SUV,217,437.51160607756987,1114.4877097151775
LP,218,310.6215380207648,747.6285640042443
RO,222,654.2587646911728,1196.2504126031508
ARH,223,705.8137476485948,696.5108375214083
SPIV,225,487.99791473648514,1167.7719933891003
LPO,226,621.0194508336072,541.0811534780062
sV,229,619.2815398447171,945.8559253631452
RPA,230,710.4367250127601,1166.4121956345514
AT,231,465.1901820546164,955.6405350176482
VISal5,233,179.4432103753782,825.1425431896798
TEa4,234,331.03944146436584,836.929051397298
ts,237,526.0176116838488,1268.9231099656358
RPO,238,504.4555932901101,1018.7331686734587
AUDd6b,243,268.6630991464216,767.1790544977019
RR,246,456.9677592614098,901.0466264080828
AUDpo6a,249,250.28182001410863,839.0011589237126
LSc,250,310.76483050095635,527.6389331478597
AUDp2/3,251,272.7151509504286,790.21507894826
AUDd5,252,252.08366320183288,757.1359796657202
AV,255,386.62267446896567,603.6705758366137
VISpm6a,257,106.52595838761891,829.6755234447998
LSr,258,417.8869215065088,473.4279090330376
NLOT1,260,713.55790927517,604.8992305070761
RT,262,428.26790017687375,644.1154294715897
AVP,263,639.9270927870695,503.9265957906565
LSv,266,472.8840417893537,483.45507183368574
NLOT2,268,685.713762351085,606.888048027169
VISpl2/3,269,216.54702412868636,1009.4673848403608
SAG,271,375.1788980547917,946.524045218454
AVPV,272,649.8123896149771,494.1263356587778
RSPd6a,274,103.89314571015495,797.4427972205409
RSPagl6b,279,115.98521622722777,754.2314766311623
B,280,438.3771039444944,1065.6198124116663
VISam1,281,37.43545185903939,764.6347638159926
SCH,286,685.3657261007054,590.4480965701775
BAC,287,511.91670964414647,541.1531717380093
ORBvl2/3,288,374.9132111382033,268.7476897323988
TEa5,289,350.0333111399531,825.8228947190993
BA,292,705.7080695568555,637.6977321900794
ACAv2/3,296,244.42955438664956,485.9205174864715
MA,298,657.3764508230023,540.6697284476605
st,301,426.80938496940536,667.605420741593
BLAa,303,582.9325970296644,684.2149894102207
PL2/3,304,269.5951852256896,295.71568771961523
VISp6b,305,160.40504158762585,875.9769687241597
MARN,307,675.8188820472051,1118.5311513278784
SF,310,369.1597507136623,540.7515401189929
BLAp,311,590.6962977127142,763.9108284732494
MB,313,385.9885581324649,889.7149951751339
AIp6a,314,498.3834506056392,614.1417732674222
SG,318,492.6799539170507,1084.7945852534565
MOp1,320,196.52748494712492,408.248490950216
SubG,321,453.0138495904691,764.7696202531646
SGN,325,343.48171284523363,837.6080423678217
scp,326,415.93564120596176,1030.3773190263378
BMAa,327,658.0173828740901,650.3378428035683
AId2/3,328,435.7871859035864,327.9162063809005
RSPd6b,330,113.02973234440503,756.7190583682683
ASO,332,621.4151915030576,619.9607338268427
SH,333,400.5052438101416,429.9919991350416
BMAp,334,617.1662909639075,753.5305768175143
PERI6a,335,425.7970831632464,867.320852042899
csc,336,265.6431901312487,842.5637237323388
SFO,338,340.8756516702066,587.0161228036301
SI,342,625.2561821300302,499.681573063699
AIp5,344,505.429551301131,599.9023593630411
SBPV,347,638.2424862888482,599.2362705667276
sup,349,651.2020936551063,667.4085024772255
SLC,350,469.74639036433007,1062.322585471684
BST,351,518.3798532410633,535.8189694652503
MY,354,635.8940196590053,1177.7574713845072
AIp6b,355,488.4020358700921,671.5632573921473
PST,356,572.245183044316,704.6573538856776
SLD,358,473.2786156062018,1063.933279674659
MD,362,391.5805593505808,676.0989482358553
PL5,363,278.7131375339736,312.2044682767056
PSTN,364,567.8886886959028,746.001477424237
SMT,366,492.3800206309412,670.0719732581218
PERI6b,368,418.5387891694554,879.2347125038028
ICB,372,393.0586519039425,1146.5454851499962
SNc,374,512.6048619862596,835.6919183706655
VISpl6a,377,227.4620131625557,973.7584689673172
cuf,380,515.0869487271424,1307.573682323413
SNr,381,516.9656214031701,844.3252282615989
CA1,382,313.6967894963653,802.8555667804065
SO,390,673.6775018105909,588.1712179951434
VISpl6b,393,241.21336059986368,961.223812769825
vtd,397,474.2046573875803,859.8546573875803
VISam4,401,68.91977680510541,767.4899261585753
MEA,403,635.5199720790188,684.5932745139215
ORBl2/3,412,392.5095140279593,277.77154742203646
vVIIIn,413,564.866211484034,1060.718223828331
SPFm,414,478.66261380825983,750.6566486856751
VISl1,421,159.36470283232873,920.7666623457992
SPFp,422,437.6549904386368,793.1616389214189
CA2,423,330.8289286239573,749.4203139117097
ECT2/3,427,425.7979712275544,807.3570639504358
mct,428,485.2821128451381,553.1135654261705
SPVC,429,589.7865336587142,1283.5205764524046
RSPv2/3,430,123.50080456479462,773.0934203382134
VISam5,433,84.51352301902719,767.1484806386944
RSPd2/3,434,66.72567844105096,795.2933292200113
fx,436,535.2458812097116,594.870683708061
SPVI,437,587.5101066552116,1210.920722186816
ORBl6a,440,362.8041590417568,329.5075736150391
VISam6b,441,117.5161263015322,770.6473376788284
RSPd1,442,67.0678411982142,819.9793216840286
dhc,443,189.171244524499,830.900672472253
SPVO,445,591.5802904543493,1114.3661732087478
ORBl1,448,390.41003361586286,251.5106414716396
vhc,449,310.00296735905044,586.6123269040554
SSp-ul1,450,125.95104606150232,525.4309512417902
BLAv,451,661.1419715999581,716.6347809916173
MEPO,452,544.266219572777,514.0234972677596
AUDpo6b,456,255.82730468307065,839.417280870847
MEV,460,399.6159848165331,1050.9647827920708
SSp-tr6b,461,143.53098081150122,688.8117388463138
CA3,463,372.9065457147574,768.3025622079673
alv,466,327.2940675519838,772.3110970052691
VISpm6b,469,116.28489784254892,826.5304329189885
STN,470,538.1746454265159,730.9841726618705
STR,477,532.4653304065766,528.3396065907293
SSp-ll6a,478,167.29565932047402,613.9592519230259
bic,482,279.5914611883261,963.0485926863504
MH,483,302.64569975127176,686.9909195445399
ORBm1,484,361.8961367924304,254.3098027288151
ORBl6b,488,384.6637856130242,361.2597064069145
VISpm4,501,69.55002125118905,837.2120261490821
SUB,502,322.453331451992,892.7711500747929
das,506,464.0106365017728,1129.7617761269628
MOB,507,439.1816493868552,137.10037414284238
SSp-ll6b,510,180.61781470777132,626.3760838150289
CB,512,426.5923483772318,1081.8837785886728
MPN,515,617.3533979626986,551.501889670784
AUDv6a,520,348.816785366166,777.3517797810048
MPO,523,618.9555163537523,526.0432847911004
SUM,525,576.6955661466226,793.3563728299872
ENTm1,526,445.1076831714951,990.0732621779954
AUDd1,527,220.83978506637956,748.383548842548
df,530,248.1020516919797,590.513722355449
MPT,531,239.5938156572577,806.5231570293231
SUT,534,486.2835130970725,1006.7984206471494
lotd,538,372.63431984175287,188.31904290931223
PERI1,540,456.1866893241619,814.3798053022155
RSPv1,542,128.3996660389945,781.2289026151132
ENTm2,543,431.12134608430233,985.0013445549508
CEAc,544,566.8471550497866,660.2537630932368
RSPd4,545,207.0,1002.0
TH,549,429.83081823914415,727.5020983278611
CEAl,551,543.8839621987569,670.3526883708034
sctd,553,696.1967491243432,1211.9860031742558
ILA2/3,556,375.0405516615114,343.6206475779676
SSp-n1,558,214.8896237194739,549.0715116020241
CEAm,559,573.8200442242442,655.4592102202389
MS,564,498.9019673963312,476.5089650454756
VISpm5,565,84.13112287545277,838.6088186124268
TR,566,622.9913463304483,846.2917531013254
VISl4,573,179.55210962453373,909.7206897321928
TRN,574,608.0571350686711,934.398826095026
CL,575,359.89414189773254,688.3738779174147
ACVII,576,632.9363894811656,1055.316986496091
SSp-ul4,577,167.78282644849273,540.0991493510218
ec,579,453.0523022850334,717.7371475495811
NB,580,330.8556285967746,905.3893046425404
TRS,581,370.888767739216,553.1315779120416
ORBm2/3,582,364.256107872088,271.68644153353017
CLA,583,476.5961019577367,458.5486746874194
ND,587,386.0584809249556,843.2627203048543
ACAv1,588,243.14660421545668,478.6297131147541
RSPv6a,590,126.26287117457142,788.3926697285253
CLI,591,444.84986053669326,908.9313263441376
VISp1,593,96.42548934250414,924.4534861448597
fr,595,403.6567395687917,753.7245111023612
NDB,596,647.0970818940119,482.8675310704227
TTd,597,481.4497532383151,350.4155107344789
AUDv6b,598,350.16395222584146,790.2227578718783
CM,599,445.91620787754937,666.5197099010297
AUDd2/3,600,229.9406945343907,751.1247510355698
VISal6a,601,193.9710227985028,824.02109712198
fi,603,321.8671342899837,643.9296398225868
NI,604,482.2511688071699,1055.0785364501523
TTv,605,608.6661640850134,305.85926970519546
ORBvl6a,608,340.2084495481234,315.6183213140019
SPA,609,421.7016919504177,752.4638236269867
RSPd5,610,83.98235972105904,799.50437897495
hbc,611,271.1658087465997,738.6180372462858
NLL,612,517.9143971129508,946.6933781349132
VISl5,613,193.56567744068775,904.4993863704289
TU,614,685.3780121403015,688.1648114736553
CUN,616,341.62868769812195,1010.8612257629284
ORBm5,620,351.5659167126544,288.2682429851
V,621,528.805980414818,1019.6132744011412
RSPv6b,622,133.14016563146998,731.3326293995859
SSp-ul5,625,185.54396199409817,551.8222259806284
NOT,628,241.0385925637532,812.8371520342613
VAL,629,440.7495018628128,648.9670666451256
ORBl5,630,384.1280615525344,303.93325732618337
DG-sg,632,319.5638513218741,798.1692771760131
cic,633,200.04924534537844,1020.449377547648
NPC,634,303.5919408507877,801.2387645491323
GU6a,638,444.5509493468968,487.0495592806293
COAa,639,710.1654722753545,634.5011179502682
NTB,642,675.9143704355934,990.4549127259544
AUDpo2/3,643,218.02892218910347,842.0579940930681
MOp5,648,245.2714666510228,429.4474261529117
VISal6b,649,201.77797752808988,823.8419775280898
NTS,651,527.1886459918853,1219.883403940492
VI,653,521.673809837795,1077.407688250033
SSp-n4,654,237.11662604355183,563.9811102516201
COApl,655,689.312654698853,775.1588740584995
MOs1,656,178.5284727890482,334.1000979992467
SSp-m2/3,657,288.10250567041845,444.9674575419905
ll,658,478.4422890862239,967.2015786801544
VII,661,677.7811512294716,1085.496011551994
GU6b,662,441.0793513623424,491.4588247254982
COApm,663,666.5516127040005,797.6248598823474
ENTm3,664,423.3252674063315,976.4033207614724
lot,665,588.3815793839151,338.0963431708445
FRP2/3,667,274.4387811253267,208.9205788278993
SSp-tr2/3,670,74.7335356615235,661.3426914054572
RSPagl1,671,64.07038100044156,844.3802316596228
CP,672,420.5627952435876,534.1260437753207
mp,673,554.4891941276542,836.5629764980152
AIv6a,675,491.0195798199228,417.8223762564909
AUDd4,678,238.66504663869352,754.3544691641259
CS,679,517.9717045734079,954.6777472691856
ORBvl6b,680,361.93084112149535,346.1025960539979
mtg,681,451.71292665876416,874.5732348560834
VM,685,499.4464979057423,682.7803473560668
RSPv5,687,124.62685688756515,780.0492938198064
VLPO,689,685.8511906581481,528.5046006174915
mtt,690,524.2868257741826,694.9118373521875
PERI5,692,445.95378146269616,828.3701402829415
VMH,693,671.4583204417477,680.548617354683
AIv2/3,694,500.01929981443135,367.3468688648038
AUDpo1,696,210.6496343887548,845.2397415873918
ml,697,558.2400153829052,891.8463992885406
OLF,698,470.75417421931417,218.9333152507917
AIv6b,699,422.1856209150327,385.1947712418301
SSp-n5,702,253.55262740453253,572.4118963772944
CTXsp,703,593.3435381094121,643.9233943327495
AIv1,704,499.7607311596011,342.8567461626999
OP,706,259.8020851254172,790.8177063620411
ILA1,707,374.9978446565996,343.668963055034
CU,711,514.7294821147681,1277.9382332104562
VPL,718,426.6237915023171,683.0087178561885
VISp4,721,120.78177093509436,905.083300769802
VPLpc,725,452.7077835343641,749.2565975876305
ENTm5,727,416.0978664396486,965.9257378818862
arb,728,356.18736689633687,1156.9578773236876
TEa6a,729,362.5451791117768,813.5214681969618
MMme,732,615.5223628472673,791.6791236778503
VPM,733,414.999928252648,706.5819500687072
AUDp1,735,264.5474415181286,792.9038262557735
VPMpc,741,464.6957418539613,736.5307956034154
ENTm6,743,400.635464752084,956.3560673958784
cbc,744,369.499820724274,1145.549569738257
VTA,749,515.4919252107937,831.1354959427742
VISpl1,750,214.33957376541616,1020.3884204551318
pm,753,569.4008649168118,771.4715598534447
OT,754,691.1225534732716,438.40336000393336
AUDv2/3,755,335.0513218883234,773.3986569490755
VTN,757,445.2020783373301,992.203517186251
AUDpo4,759,230.16261893851583,843.5078034448368
OV,763,650.0064635272391,491.8896583564174
x,765,506.0333029516932,1167.4997896655682
MOs5,767,218.31521887644945,362.40520586311817
P,771,575.739953938083,983.4086207298616
ACAv5,772,249.59609798914775,483.0065811522503
XII,773,568.0356281090567,1253.5741468005465
RSPagl5,774,85.1309199418473,799.4478385035227
VISp5,778,133.25357959873458,899.204320507404
PA,780,622.2572140301947,793.579810025883
y,781,448.87876980746296,1127.354319304822
AId6a,783,413.2677978416935,383.1206231355312
cst,784,638.5425097368671,923.770328678636
TEa6b,786,350.6930190066624,831.5825664564718
PAA,788,714.7505429619708,677.3392950054213
AUDpo5,791,238.02033636614283,839.7211138682106
sptV,794,600.7949753540277,1140.0376244168394
PAG,795,308.5894152393409,942.5484481560612
ZI,797,495.1408044502376,730.147260168526
VIIn,798,561.6682440468659,1063.757218412329
AIv5,800,479.36917849290427,375.3036289337509
sm,802,398.0064425563354,599.3781381603251
PAL,803,560.2913469909917,592.6827934827029
FF,804,486.7246588653484,777.2564967153072
VISpm1,805,38.65725675321269,845.0958825072122
SSs2/3,806,322.76810729864496,605.5038900697688
ACAv6a,810,248.1354570271222,491.2309792180345
ICc,811,233.42432720797743,1040.5348392560095
dscp,812,449.58195164076,940.5636010362696
DP,814,429.09077508321445,363.7932081153907
AUDp4,816,279.2831529928573,792.8894800916033
ACAv6b,819,249.19306499951665,504.8123811672199
ICd,820,185.9964798361084,1043.1578906815369
VISp2/3,821,104.05550064030734,912.532977829358
ILA5,827,367.8886826685703,347.31720650783734
ICe,828,220.5683629128053,1032.675524636751
DMH,830,618.8467805840527,705.1181826400966
AId6b,831,419.11002029741934,408.98388633445177
IIIn,832,532.1733128834355,862.8995398773006
SCzo,834,145.2328798976863,924.0086202601028
ECT1,836,425.323046572799,812.3456212285316
SSp-n2/3,838,225.15611855161825,555.4513555175556
DMX,839,536.033491394652,1252.0545598585486
tb,841,696.3920198768384,993.550506939528
SCsg,842,149.19301124889836,924.323591458887
PAR,843,355.8562681428186,974.577380059086
MOp6a,844,265.2429207336321,455.7932101898605
DN,846,425.6644675566594,1117.8649428032384
AUDp5,847,289.2232382489228,794.2579017554476
IIn,848,701.6842255044253,469.2704971683884
VISC6b,849,441.5869856973043,647.4836458453161
uf,850,401.32230686039406,1085.875487845018
SCop,851,173.6529885365231,911.295248354577
PARN,852,597.7113691566537,1144.5382562827992
SSp-ul2/3,854,144.3747073412901,534.2839657757856
VISC6a,857,443.6098519698704,639.8467001772771
PAS,859,507.4115665758922,1243.4087716783715
SSs6a,862,351.9026109086278,615.9375490799499
rust,863,609.4110256996605,1034.280310999314
sctv,866,639.0230070309036,1080.0275183514325
PB,867,420.5087896134853,1035.346301684808
VISpl4,869,213.68595447349747,993.2351110868498
DR,872,382.01059571462207,983.1731810689898
SSs1,873,321.2226993111826,598.5072112588687
PBG,874,384.8981324278438,940.3513537664196
SSp-m1,878,276.0809826136416,439.9490527944741
DTN,880,415.9006690188367,1041.9159581236624
MOp6b,882,279.932498313274,472.8608287809868
amc,884,536.5000672807565,700.2395317259349
PERI2/3,888,454.0260634625199,816.5727657530546
SSp-n6a,889,275.0981849086987,582.7220455065059
SSs6b,893,351.2840181507047,633.9431060008844
VISC1,897,449.9555973378697,620.4270988151729
PCG,898,439.0389345094954,1060.5730095932563
aco,900,520.0343575521889,360.8374449431935
VISpl5,902,224.9325486384528,990.9530336227205
ECU,903,484.38914831675817,1247.2331529278442
VISal2/3,905,153.82084550006522,825.8704556629239
RSPagl6a,906,114.81399094697724,795.5448454533546
PCN,907,436.31173565381,683.0645830533531
act,908,552.7042762289207,538.7316840834496
ORBm6a,910,352.2247525600925,324.9367153691246
IVn,911,361.9997060552616,1014.1584362139918
LING,912,406.3705067911994,1129.220113789588
PD,914,572.990913766501,549.0910337733585
bsc,916,280.9153484480217,821.5138064310476
ACAd6a,919,216.6992880525605,466.0824634297095
cpd,924,546.1125113466497,830.4008201200373
ACAd6b,927,226.91236446026863,499.8492474510439
SSp-n6b,929,289.9365797144779,591.6620449958891
PF,930,392.67257208936735,751.3185101050631
PG,931,639.912101599302,896.4958727356002
ACAd1,935,176.7919234667098,435.56735451115287
DEC,936,205.25040092984537,1230.9935011581083
AMBd,939,655.3056393813655,1162.356846473029
cing,940,183.39623810185947,633.2930086968613
MOp2/3,943,215.85457209676,415.6908783582324
FOTU,944,276.1409552704676,1284.8968044366895
SSp-ul6a,945,215.95353572239904,561.1727065627475
PH,946,557.8883659494792,744.5594684874009
von,949,365.0092344355079,203.27375633005656
SSp-m4,950,294.0201085638999,458.94472938076416
PYR,951,346.9516224926243,1281.2018752934653
EPd,952,538.6663952055795,567.2271392947067
AUDp6a,954,299.4966883413494,796.3722761103796
LRNm,955,699.094782571394,1239.5195200230862
fa,956,351.8021465518852,384.5509584321488
UVU,957,428.6670122389157,1265.85249692681
AUDv1,959,332.44973537555643,782.7809400301427
PIR,961,605.2458761764475,561.5829553410299
MOs2/3,962,195.58610253002445,344.7860556348824
LRNp,963,701.3331457908432,1191.071207539208
ee,964,536.9717156999293,694.2093038205232
RSPagl2/3,965,70.01689389891125,819.2125604153171
EPv,966,614.8130483324115,681.89973291444
NOD,968,429.3445768475767,1194.0740373563783
ORBvl1,969,373.6453621525055,245.34969385688396
PGRNd,970,536.8158356594848,1138.9711752218898
fp,971,190.40278514239176,831.0429079499746
VISl2/3,973,169.51324986405294,915.4844489833812
SSp-m5,974,309.6480034180169,465.1444095704473
EW,975,403.8884437112106,862.3037944850341
CENT2,976,341.54087567195245,1075.4304493658565
ECT6a,977,434.912778633108,796.4466471342433
PGRNl,978,687.2126371002156,1160.9483816451743
PMd,980,622.3452688904016,766.141532410559
SSp-bfd1,981,137.54074568195355,663.772030970816
FC,982,222.69987029831387,714.0102464332036
CENT3,984,280.0558467212876,1107.270401930198
ccs,986,184.3366928068428,735.6575243168071
ECT5,988,432.0616645463777,798.9571689046096
FN,989,369.14999721135536,1171.8667744942593
AUDv4,990,337.5699479439742,776.2790334057374
AId1,996,433.7566554817146,303.89584938178115
root,997,460.6289599603308,827.1102860442196
FS,998,600.9975120662453,540.396510357833
PMv,1004,661.0867696977776,756.1086133872076
AUDp6b,1005,301.99710386272307,802.3412011729356
SSp-tr1,1006,56.2829216105816,657.5256273098619
SIM,1007,245.81259146692585,1107.3454061482628
fiber tracts,1009,519.5013627035833,685.8008118179226
VISC4,1010,439.5133623779849,617.4616334859097
ACAd5,1015,195.85101902094493,437.7273970749598
onl,1016,520.3311193059781,100.492093677158
PO,1020,385.2402472262094,718.5180509939981
MOs6a,1021,249.45122112266745,406.5052020204144
GPe,1022,476.0957914540751,613.2769245713234
AUDv5,1023,342.35665522237,783.2959442206302
PRM,1025,400.08983986392593,1241.120177210866
SSp-ul6b,1026,228.70960078641252,577.2702200862869
POL,1029,353.7360844809966,823.9511801060879
SSp-ll1,1030,74.36128209578999,578.9164407888587
GPi,1031,528.3889248261241,657.9032386006827
COPY,1033,418.5673077536949,1237.8238101318352
SSs4,1035,330.43742096226407,609.6075821392709
POST,1037,217.59665706923616,917.0407334379768
SSp-bfd6a,1038,212.10280360851945,680.3571761452544
GR,1039,514.5690238165246,1297.9887288052537
PFL,1041,533.0003319869998,1114.4292668707694
tspc,1043,562.8404848523361,1061.8111268209764
PP,1044,435.1420580923721,847.2618081905011
ECT6b,1045,426.5500067394528,814.5849508019949
VISam6a,1046,106.94725147886308,769.0993074592411
SSp-bfd4,1047,171.32736164993244,673.4711486543425
GRN,1048,614.8796693592463,1134.9427537795084
FL,1049,522.2542800011366,1053.9953277807108
tspd,1051,413.5,899.0
PPN,1052,427.1141575330033,968.2524140434696
ILA6a,1054,370.6274259298992,358.55942187286666
ANcr1,1056,275.8650759249567,1148.0948842421028
VISC5,1058,444.30569310084167,633.9415713286733
dtd,1060,424.124963924964,885.6978354978355
PPT,1061,257.45748808948423,817.0502520196092
SSp-bfd6b,1062,216.0813625011941,697.7001378331537
ANcr2,1064,314.2662377549272,1220.750679792764
VISam2/3,1066,55.06741659901813,764.495767134408
PPY,1069,704.5032812566154,1087.5907743765613
SSp-bfd5,1070,189.84738725106328,678.4868406457413
MGd,1072,354.36867525564736,848.9472528742273
VISal1,1074,142.43992806975876,828.450989040817
PR,1077,527.7168195395311,655.3143850281515
MGv,1079,386.787248050238,837.6871843845408
ILA6b,1081,357.7663465090506,371.3343184336904
PRE,1084,360.4499252746294,932.6665808506692
MOs6b,1085,269.4049411572853,434.4674258690512
SSp-tr4,1086,96.02689432129156,670.5250939468136
MGm,1088,398.4854300667173,817.4633374615477
HPF,1089,352.46511230109144,887.1062097015599
SSs5,1090,339.94651331767875,616.6203541863798
"CUL4, 5",1091,238.7711410549504,1132.816441403936
em,1092,422.8364517237016,661.9972160457003
PRNc,1093,588.0343620053741,1019.6042030643904
SSp-ll4,1094,118.340952408879,592.3200011729174
AMd,1096,443.00490440905554,609.3290293527654
HY,1097,601.3916516873478,642.6521229560478
MDRNd,1098,611.2766304367497,1276.9435757950855
AId5,1101,428.64789816545726,350.38282151530285
SSp-m6a,1102,320.24336675385064,484.9333623946527
AMv,1104,458.8806747138598,608.5737352120805
IA,1105,618.3428089801548,659.241995687249
VISC2/3,1106,448.0455825361422,624.0847739583411
MDRNv,1107,648.3582120649104,1275.8738693845112
ccg,1108,322.310039234789,436.3118574911438
PS,1109,580.5900072411296,506.7562015102927
SSp-tr5,1111,109.71312668906478,670.7485368520648
IAD,1113,421.54608365155343,615.9602717868732
VISal4,1114,164.29368615101006,824.5402680697442
gVIIn,1116,512.0099903541409,1083.9634146341464
IAM,1120,454.95983583879,628.2394171354791
ENTl1,1121,490.2854315308709,896.1362253891673
icp,1123,536.4582171892343,1134.791222966221
ORBvl5,1125,351.39471629695583,283.67649981288633
TMd,1126,647.6393323250994,760.5497115330757
TEa2/3,1127,341.1156078426901,830.8552357767148
SSp-ll5,1128,137.04726794654755,602.262129452869
NLOT3,1139,663.1260360298651,604.9670182889239
ME,10671,729.3952667075414,718.0430410790926
DG-mo,10703,327.0954729926472,807.2016429505866
DG-po,10704,341.83061076335946,819.8421064907274
SSp-un1,182305693,127.80286333012512,569.1889076034648
SSp-un2/3,182305697,146.05298121130943,576.2724601479443
SSp-un4,182305701,168.05651040280955,582.1822699941467
SSp-un5,182305705,185.2361209095349,592.4772112350665
SSp-un6a,182305709,212.7168170475485,601.0074929795813
SSp-un6b,182305713,221.77831148742163,617.4551005454693
VISa1,312782550,52.95687475487537,720.7505611789347
VISa2/3,312782554,69.75302658898852,721.4319808398052
VISa4,312782558,88.2743023255814,725.9199354005168
VISa5,312782562,100.45695561848676,726.6643658617603
VISa6a,312782566,120.40111203631578,731.7193317037793
VISa6b,312782570,130.3148882113821,735.4214430894309
VISli1,312782578,191.9730283741504,913.6052972273168
VISli2/3,312782582,201.3761129874117,911.297325418756
VISli4,312782586,209.20577756043036,906.4575241022776
VISli5,312782590,221.2997174644803,902.4708880267124
VISli6a,312782594,235.07037709215567,896.2401945956847
VISli6b,312782598,241.1991819533961,891.6275409023302
VISrl1,312782604,93.41416188356564,777.2319433056109
VISrl2/3,312782608,108.53281956655452,777.9111328195665
VISrl4,312782612,124.20013124256634,778.6728779034
VISrl5,312782616,138.79098135852703,782.0630387975144
VISrl6a,312782620,155.36062022875558,782.8696674327073
VISrl6b,312782624,163.86050915211445,784.0741987516656
VISpor1,312782632,263.86105814680104,975.5758520132669
VISpor2/3,312782636,270.0868835099954,965.6432941503642
VISpor4,312782640,255.8916083916084,943.666248845494
VISpor5,312782644,277.0518838532796,950.0968823993686
VISpor6a,312782648,287.26503644694947,936.1305211303549
VISpor6b,312782652,291.50785308317546,928.8117093442522
ProS,484682470,365.8249205608181,888.0951402798066
APr,484682508,230.441699271968,975.2946355860076
scwm,484682512,266.6742038525189,589.3673944806405
ccb,484682516,257.815133345566,577.8676626397628
or,484682520,273.64349857680395,774.303976087713
ar,484682524,382.1439090480679,749.9732759974867
stc,484682528,598.9733545889319,652.4406741061262
LGd-sh,496345664,320.82886003164435,775.7769748774746
LGd-co,496345668,325.71525292719934,746.3100875058449
LGd-ip,496345672,312.2497026604069,759.5915284298383
FRP5,526157192,277.5713970461591,239.56132126248707
FRP6a,526157196,292.66322111528933,296.8877938372155
FRP6b,526322264,317.45222929936307,347.00424628450105
ORBm6b,527696977,351.87216828478967,349.4811218985976
RPF,549009203,366.4085381546777,794.1608222879938
MA3,549009211,425.3554658840793,837.5577158229396
P5,549009215,532.5558314199133,1005.970044864256
Acs5,549009219,557.4919493962047,1019.8399942495688
PC5,549009223,582.3551790462183,994.1266900492164
I5,549009227,525.7609203667087,1034.0761279884955
Eth,560581551,362.6218945153407,758.3891104398588
Xi,560581559,523.5500650195058,648.0687153514475
PIL,560581563,419.9742775158844,848.9830224772836
PoT,563807435,396.1868799221751,806.4443315856109
IntG,563807439,405.5136,794.9188444444444
VMPO,576073699,681.25243376955,540.7579396744335
PeF,576073704,607.8624156375143,642.166027238698
HATA,589508447,587.9338482059363,878.5813914851401
Pa5,589508451,516.5315197692772,1247.4082272930998
VeCB,589508455,412.390881544641,1132.3667582740234
SCO,599626923,307.6027075562924,782.4647050697611
PDTg,599626927,460.878071125177,1069.7791288415092
MMl,606826647,612.7934618025186,804.4893020718713
MMm,606826651,618.891798739174,797.2589406704766
MMp,606826655,620.558266011933,829.8633507576958
MMd,606826659,588.3561112701345,819.3783080486091
Pa4,606826663,391.5558579735247,959.4601014474824
PN,607344830,522.8588516746412,857.3712734633788
IPR,607344834,536.1976599452328,846.41857107294
IPC,607344838,562.3877610632394,873.6903169271213
IPA,607344842,520.7956826509479,889.5281185279592
IPL,607344846,557.5590853383217,869.1640650196736
IPI,607344850,558.7178025557505,869.4987471811576
IPDM,607344854,511.6998426848453,882.38972207656
IPDL,607344858,535.3339135021097,870.1934599156118
IPRL,607344862,528.0266331131384,835.3538848694558
Su3,614454277,350.41399126139817,926.8925246960488
