cell_ID,nCount_RNA,nFeature_RNA,cell_type,fov,Area,roi_name,roi_acronym,AP_location,DV_location,ML_location,mice_id,roi_id,depth,level_3_parent_roi_id,level_3_parent_roi_name,level_4_parent_roi_acronym,level_5_parent_roi_acronym,top_neurotransmitters,top_acronyms,cell_type_annotation,high_level_cell_type,highest_level_cell_type,log2GeneCount,selected_for_analysis,neurotransmitter_type,experiment_group,slide,level_3_parent_roi_acronym
c_1_1_386,129,84,lt,1,3098,Cerebellum,CB,-5.6,1.67,0.45,1_5,512.0,2.0,512.0,Cerebellum,CB,CB,Glut-neuroendocrine-Neuropeptide,MB,,,,7.02236781302845,0,Undefined,AA SAL,Slide1_AA,CB
c_1_1_255,1030,354,jl,1,9947,Cerebellum,CB,-5.56,1.49,0.45,1_5,512.0,2.0,512.0,Cerebellum,CB,CB,Glut-neuroendocrine,MB,Glut-Astrocyte Ndrg2-Adgrg1-Vegfa IC-SCs-LH,Glut-Astrocyte,Neuronal,10.0098286173681,0,Glut,AA SAL,Slide1_AA,CB
c_1_33_565,468,252,lt,33,3249,Cerebellum,CB,-5.25,2.68,0.45,1_5,512.0,2.0,512.0,Cerebellum,CB,CB,Glut-neuroendocrine-Neuropeptide,MB,,,,8.87344411251538,0,Undefined,AA SAL,Slide1_AA,CB
c_1_1_294,721,301,lt,1,8168,Cerebellum,CB,-5.57,1.54,0.45,1_5,512.0,2.0,512.0,Cerebellum,CB,CB,Glut-neuroendocrine-Neuropeptide,MB,Glut-Astrocyte Ndrg2-Adgrg1-Vegfa IC-SCs-LH,Glut-Astrocyte,Neuronal,9.49585502688717,1,Glut-Hist,AA SAL,Slide1_AA,CB
c_1_17_605,1752,491,te,17,10166,Cerebellum,CB,-5.25,2.54,0.45,1_5,512.0,2.0,512.0,Cerebellum,CB,CB,Oligodendrocyte,MB,Glut-Oligodendrocyte Ptk2-Slc17a7-Mef2c MB-P,Glut-Oligodendrocyte,Neuronal,10.7756102807595,0,Undefined,AA SAL,Slide1_AA,CB
c_1_17_677,217,139,ck,17,1799,Cerebellum,CB,-5.57,1.87,0.45,1_5,512.0,2.0,512.0,Cerebellum,CB,CB,Glut-neuroendocrine-Neuropeptide,MB,,,,7.76818432477693,0,Glut,AA SAL,Slide1_AA,CB
c_1_17_752,294,161,lt,17,4982,Cerebellum,CB,-5.48,2.02,0.45,1_5,512.0,2.0,512.0,Cerebellum,CB,CB,Glut-neuroendocrine-Neuropeptide,MB,,,,8.2045711442492,0,Undefined,AA SAL,Slide1_AA,CB
c_1_17_47,735,325,lt,17,6406,Cerebellum,CB,-5.26,2.48,0.45,1_5,512.0,2.0,512.0,Cerebellum,CB,CB,Glut-neuroendocrine-Neuropeptide,MB,Glut-Astrocyte Ndrg2-Adgrg1-Vegfa IC-SCs-LH,Glut-Astrocyte,Neuronal,9.52356195605701,0,Glut,AA SAL,Slide1_AA,CB
c_1_17_862,311,190,rn,17,2841,Cerebellum,CB,-5.47,2.05,0.45,1_5,512.0,2.0,512.0,Cerebellum,CB,CB,Glut-Neuropeptide,CTX,,,,8.28540221886225,1,Undefined,AA SAL,Slide1_AA,CB
c_1_16_99,924,276,bm,16,6556,Cerebellum,CB,-5.54,1.91,0.45,1_5,512.0,2.0,512.0,Cerebellum,CB,CB,GABA-neuroendocrine,MB,,,,9.85330955540367,0,Glut-GABA,AA SAL,Slide1_AA,CB
c_1_17_360,456,220,lt,17,5122,Cerebellum,CB,-5.37,2.29,0.45,1_5,512.0,2.0,512.0,Cerebellum,CB,CB,Glut-neuroendocrine-Neuropeptide,MB,Glut-Astrocyte Ndrg2-Adgrg1-Vegfa IC-SCs-LH,Glut-Astrocyte,Neuronal,8.83605035505807,0,Glut,AA SAL,Slide1_AA,CB
c_1_1_272,876,367,uk,1,8472,Cerebellum,CB,-5.57,1.51,0.45,1_5,512.0,2.0,512.0,Cerebellum,CB,CB, -Oligodendrocyte, ,,,,9.77643303244473,0,Glut,AA SAL,Slide1_AA,CB
c_1_17_406,562,245,ck,17,5810,Cerebellum,CB,-5.35,2.33,0.45,1_5,512.0,2.0,512.0,Cerebellum,CB,CB,Glut-neuroendocrine-Neuropeptide,MB,Glut-Astrocyte Ndrg2-Adgrg1-Vegfa IC-SCs-LH,Glut-Astrocyte,Neuronal,9.13699111208023,0,Undefined,AA SAL,Slide1_AA,CB
c_1_17_919,904,352,lt,17,4260,Cerebellum,CB,-5.48,2.01,0.45,1_5,512.0,2.0,512.0,Cerebellum,CB,CB,Glut-neuroendocrine-Neuropeptide,MB,Glut-Astrocyte Ndrg2-Adgrg1-Vegfa IC-SCs-LH,Glut-Astrocyte,Neuronal,9.82177398197057,0,Glut,AA SAL,Slide1_AA,CB
c_1_17_749,737,345,lt,17,3400,Cerebellum,CB,-5.49,1.99,0.45,1_5,512.0,2.0,512.0,Cerebellum,CB,CB,Glut-neuroendocrine-Neuropeptide,MB,Glut-Astrocyte Ndrg2-Adgrg1-Vegfa IC-SCs-LH,Glut-Astrocyte,Neuronal,9.5274770060604,0,Undefined,AA SAL,Slide1_AA,CB
c_1_17_20,1299,405,fw,17,6786,Cerebellum,CB,-5.37,2.31,0.45,1_5,512.0,2.0,512.0,Cerebellum,CB,CB,GABA,MB,,,,10.3442959079158,0,Glut-GABA,AA SAL,Slide1_AA,CB
c_1_17_225,1287,437,lt,17,9283,Cerebellum,CB,-5.43,2.15,0.45,1_5,512.0,2.0,512.0,Cerebellum,CB,CB,Glut-neuroendocrine-Neuropeptide,MB,Glut-Astrocyte Ndrg2-Adgrg1-Vegfa IC-SCs-LH,Glut-Astrocyte,Neuronal,10.3309168781146,0,Glut-GABA-Sero-Hist,AA SAL,Slide1_AA,CB
c_1_17_319,1188,396,lt,17,6370,Cerebellum,CB,-5.52,1.94,0.45,1_5,512.0,2.0,512.0,Cerebellum,CB,CB,Glut-neuroendocrine-Neuropeptide,MB,Glut-Astrocyte Ndrg2-Adgrg1-Vegfa IC-SCs-LH,Glut-Astrocyte,Neuronal,10.2155329997457,1,Glut,AA SAL,Slide1_AA,CB
c_1_17_745,401,198,zo,17,4861,Cerebellum,CB,-5.54,1.92,0.45,1_5,512.0,2.0,512.0,Cerebellum,CB,CB,endothelial, ,,,,8.65105169117893,1,Glut,AA SAL,Slide1_AA,CB
c_1_17_320,3510,671,lt,17,18853,Cerebellum,CB,-5.39,2.25,0.45,1_5,512.0,2.0,512.0,Cerebellum,CB,CB,Glut-neuroendocrine-Neuropeptide,MB,Astrocyte Chrm1-Kcnq5-Ranbp2 MB-IB-HB,Astrocyte,Glial,11.7776662808808,0,Glut-GABA,AA SAL,Slide1_AA,CB
c_1_30_483,383,208,lt,30,4690,Paragigantocellular reticular nucleus dorsal part,PGRNd,-5.87,5.38,0.45,1_5,970.0,7.0,1065.0,Hindbrain,MY,MY-mot,Glut-neuroendocrine-Neuropeptide,MB,,,,8.58496250072116,0,Glut,AA SAL,Slide1_AA,HB
c_1_99_268,916,272,gj,99,5959,Pontine reticular nucleus,PRNr,-3.75,5.37,0.45,1_5,146.0,6.0,1065.0,Hindbrain,P,P-sat,Oligodendrocyte, ,Oligodendrocyte ChI1-Ctxn1-Dock3 HB,Oligodendrocyte,Glial,9.84077792359505,0,Glut,AA SAL,Slide1_AA,HB
c_1_49_343,1123,363,ck,49,10717,Pontine central gray,PCG,-5.18,4.02,0.45,1_5,898.0,6.0,1065.0,Hindbrain,P,P-mot,Glut-neuroendocrine-Neuropeptide,MB,Glut-Astrocyte Apc-Dgki-Csf1 MB-BST-HY-TH,Glut-Astrocyte,Neuronal,10.1344263202209,0,Glut-GABA,AA SAL,Slide1_AA,HB
c_1_13_455,461,206,fw,13,4902,Gigantocellular reticular nucleus,GRN,-5.53,5.45,0.45,1_5,1048.0,6.0,1065.0,Hindbrain,MY,MY-mot,GABA,MB,,,,8.85174904141606,0,GABA,AA SAL,Slide1_AA,HB
c_1_82_204,1266,441,fa,82,10333,Pons,P,-3.97,5.15,0.45,1_5,771.0,4.0,1065.0,Hindbrain,P,P,Glut-neuroendocrine-Neuropeptide,MB,Oligodendrocyte Cul1-Cop1-Fbxw11 MB-P-TH-HY,Oligodendrocyte,Glial,10.3072008091408,0,Glut-Sero-Hist,AA SAL,Slide1_AA,HB
c_1_142_200,389,169,gj,142,5054,Magnocellular reticular nucleus,MARN,-5.98,7.01,0.45,1_5,307.0,6.0,1065.0,Hindbrain,MY,MY-mot,Oligodendrocyte, ,,,,8.60733031374961,0,Chol,AA SAL,Slide1_AA,HB
c_1_130_102,268,125,gj,130,3303,Pons,P,-3.31,6.6,0.45,1_5,771.0,4.0,1065.0,Hindbrain,P,P,Oligodendrocyte, ,Oligodendrocyte SIc6a11-Ntsr2-Olig2 Isocortex-STRd,Oligodendrocyte,Glial,8.07146236255662,1,Glut,AA SAL,Slide1_AA,HB
c_1_3_69,2083,455,fq,3,14884,Gigantocellular reticular nucleus,GRN,-5.66,6.44,0.45,1_5,1048.0,6.0,1065.0,Hindbrain,MY,MY-mot,Glut-GABA,HB,Glut-GABA-Astrocyte Pecam1-Esam-Id1 P-MY-MB,Glut-GABA-Astrocyte,Neuronal,11.0251395622785,0,GABA,AA SAL,Slide1_AA,HB
c_1_3_327,842,327,mf,3,6869,Magnocellular reticular nucleus,MARN,-5.73,6.73,0.45,1_5,307.0,6.0,1065.0,Hindbrain,MY,MY-mot,Oligodendrocyte, ,Astrocyte Clasp2-Ptprs-Alcam IB-MB-HB,Astrocyte,Glial,9.71938882094208,0,Hist,AA SAL,Slide1_AA,HB
c_1_2_98,239,156,mk,2,3937,Paragigantocellular reticular nucleus dorsal part,PGRNd,-5.94,5.26,0.45,1_5,970.0,7.0,1065.0,Hindbrain,MY,MY-mot,Oligodendrocyte, ,,,,7.90689059560852,0,Glut,AA SAL,Slide1_AA,HB
c_1_142_261,1260,421,uk,142,12604,Inferior olivary complex,IO,-6.21,7.12,0.45,1_5,83.0,6.0,1065.0,Hindbrain,MY,MY-mot, -Oligodendrocyte, ,,,,10.3003525603282,0,Glut-GABA-Chol,AA SAL,Slide1_AA,HB
c_1_13_77,1176,354,uc,13,8650,Paragigantocellular reticular nucleus dorsal part,PGRNd,-5.59,5.25,0.45,1_5,970.0,7.0,1065.0,Hindbrain,MY,MY-mot,GABA,HB,,,,10.2008986050384,0,GABA,AA SAL,Slide1_AA,HB
c_1_99_400,343,171,gj,99,2093,Pontine reticular nucleus,PRNr,-3.65,5.64,0.45,1_5,146.0,6.0,1065.0,Hindbrain,P,P-sat,Oligodendrocyte, ,,,,8.4262647547021,0,Undefined,AA SAL,Slide1_AA,HB
c_1_3_421,180,111,gb,3,3702,Medulla,MY,-5.36,7.04,0.45,1_5,354.0,4.0,1065.0,Hindbrain,MY,MY,endothelial, ,Rgs6-Gabbr2-Cacna1e TH-HPF,Other,Other Cells,7.49984588708321,0,Undefined,AA SAL,Slide1_AA,HB
c_1_81_420,219,142,gb,81,1807,Pontine reticular nucleus,PRNr,-4.63,5.2,0.45,1_5,146.0,6.0,1065.0,Hindbrain,P,P-sat,endothelial, ,Endothelial Alpi-Man2a1-C5ar1 MB-STR,Endothelial,Other Cells,7.78135971352466,1,Undefined,AA SAL,Slide1_AA,HB
c_1_149_524,245,133,ms,149,6019,Gigantocellular reticular nucleus,GRN,-5.4,6.31,0.45,1_5,1048.0,6.0,1065.0,Hindbrain,MY,MY-mot,Astrocyte, ,,,,7.94251450533924,0,Undefined,AA SAL,Slide1_AA,HB
c_1_13_381,228,122,mf,13,4976,Pons,P,-5.56,5.11,0.45,1_5,771.0,4.0,1065.0,Hindbrain,P,P,Oligodendrocyte, ,Oligodendrocyte SIc6a11-Ntsr2-Olig2 Isocortex-STRd,Oligodendrocyte,Glial,7.83920378809694,0,Undefined,AA SAL,Slide1_AA,HB
c_1_149_502,98,70,on,149,2514,Pontine reticular nucleus caudal part,PRNc,-5.15,6.07,0.45,1_5,1093.0,6.0,1065.0,Hindbrain,P,P-mot,Glut-neuroendocrine-Neuropeptide,MB-IB,Dclk1-Htt IB HY-STR-SC,Other,Other Cells,6.62935662007961,0,Undefined,AA SAL,Slide1_AA,HB
c_1_113_48,1393,348,gj,113,8742,Nucleus of the trapezoid body,NTB,-4.62,6.75,0.45,1_5,642.0,6.0,1065.0,Hindbrain,MY,MY-sen,Oligodendrocyte, ,Oligodendrocyte ChI1-Ctxn1-Dock3 HB,Oligodendrocyte,Glial,10.4450148458684,0,Undefined,AA SAL,Slide1_AA,HB
c_1_144_288,586,274,ms,144,7162,Medulla,MY,-6.59,5.36,0.45,1_5,354.0,4.0,1065.0,Hindbrain,MY,MY,Astrocyte, ,Astrocyte Chrm1-Kcnq5-Ranbp2 MB-IB-HB,Astrocyte,Glial,9.19721669311005,0,Glut-Hist,AA SAL,Slide1_AA,HB
c_1_34_453,732,300,jl,34,7101,Periaqueductal gray,PAG,-4.86,2.49,0.45,1_5,795.0,5.0,313.0,Midbrain,MBmot,PAG,Glut-neuroendocrine,MB,,,,9.51766938813381,0,Glut,AA SAL,Slide1_AA,MB
c_1_20_315,122,80,jd,20,2597,Superior colliculus superficial gray layer,SCsg,-3.5,1.51,0.45,1_5,842.0,6.0,313.0,Midbrain,MBsen,SCs,Glut-Oligodendrocyte-Neuropeptide,CTX,Oligodendrocyte Pak2-Vcan CTX,Oligodendrocyte,Glial,6.94251450533924,0,Undefined,AA SAL,Slide1_AA,MB
c_1_67_353,352,183,fs,67,4083,Midbrain reticular nucleus,MRN,-3.94,4.02,0.45,1_5,128.0,5.0,313.0,Midbrain,MBmot,MRN,GABA-neuroendocrine-Neuropeptide,IB,,,,8.46352437327118,0,Undefined,AA SAL,Slide1_AA,MB
c_1_36_707,872,320,ms,36,6081,Superior colliculus motor related deep white layer,SCdw,-3.41,2.59,0.45,1_5,42.0,6.0,313.0,Midbrain,MBmot,SCm,Astrocyte, ,Astrocyte Chrm1-Kcnq5-Ranbp2 MB-IB-HB,Astrocyte,Glial,9.76983784362944,1,Glut,AA SAL,Slide1_AA,MB
c_1_34_90,980,334,lt,34,6950,Periaqueductal gray,PAG,-4.45,2.59,0.45,1_5,795.0,5.0,313.0,Midbrain,MBmot,PAG,Glut-neuroendocrine-Neuropeptide,MB,Glut-Astrocyte Ndrg2-Adgrg1-Vegfa IC-SCs-LH,Glut-Astrocyte,Neuronal,9.93810932621924,0,Glut,AA SAL,Slide1_AA,MB
c_1_100_359,1069,326,jl,100,13182,Ventral tegmental area,VTA,-3.07,5.27,0.45,1_5,749.0,5.0,313.0,Midbrain,MBmot,VTA,Glut-neuroendocrine,MB,Glut Adgrg1 PG,Glut,Neuronal,10.0633950812885,0,Glut,AA SAL,Slide1_AA,MB
c_1_35_810,294,144,ms,35,1847,Periaqueductal gray,PAG,-4.01,2.95,0.45,1_5,795.0,5.0,313.0,Midbrain,MBmot,PAG,Astrocyte, ,,,,8.2045711442492,0,Glut,AA SAL,Slide1_AA,MB
c_1_85_441,538,202,ms,85,3177,Midbrain reticular nucleus,MRN,-2.77,4.61,0.45,1_5,128.0,5.0,313.0,Midbrain,MBmot,MRN,Astrocyte, ,Astrocyte Clasp2-Ptprs-Alcam IB-MB-HB,Astrocyte,Glial,9.07414146275251,0,Glut,AA SAL,Slide1_AA,MB
c_1_67_532,500,265,gb,67,4394,Red nucleus,RN,-3.67,4.35,0.45,1_5,214.0,5.0,313.0,Midbrain,MBmot,RN,endothelial, ,,,,8.96866679319521,0,GABA-Hist,AA SAL,Slide1_AA,MB
c_1_66_399,304,185,jl,66,5849,Midbrain reticular nucleus,MRN,-4.31,4.08,0.45,1_5,128.0,5.0,313.0,Midbrain,MBmot,MRN,Glut-neuroendocrine,MB,,,,8.25266543245025,0,Glut,AA SAL,Slide1_AA,MB
c_1_100_545,197,110,su,100,2654,Midbrain,MB,-2.51,5.48,0.45,1_5,313.0,3.0,313.0,Midbrain,MB,MB,,,Oligodendrocyte Ybx1-Mgll MB-P-STRv,Oligodendrocyte,Glial,7.62935662007961,0,Dopa-Hist,AA SAL,Slide1_AA,MB
c_1_99_335,756,276,ms,99,5790,Midbrain,MB,-3.28,5.38,0.45,1_5,313.0,3.0,313.0,Midbrain,MB,MB,Astrocyte, ,Astrocyte Chrm1-Kcnq5-Ranbp2 MB-IB-HB,Astrocyte,Glial,9.56414948998573,0,GABA-Chol,AA SAL,Slide1_AA,MB
c_1_19_49,859,326,c,19,5312,Superior colliculus motor related intermediate gray layer,SCig,-4.32,1.62,0.45,1_5,10.0,6.0,313.0,Midbrain,MBmot,SCm,GABA, ,,,,9.74819284958946,1,GABA-Chol,AA SAL,Slide1_AA,MB
c_1_34_133,1254,351,gj,34,7619,Periaqueductal gray,PAG,-4.64,2.74,0.45,1_5,795.0,5.0,313.0,Midbrain,MBmot,PAG,Oligodendrocyte, ,Oligodendrocyte ChI1-Ctxn1-Dock3 HB,Oligodendrocyte,Glial,10.2934716488381,0,Undefined,AA SAL,Slide1_AA,MB
c_1_84_50,1067,337,bm,84,10581,Midbrain reticular nucleus,MRN,-2.89,4.55,0.45,1_5,128.0,5.0,313.0,Midbrain,MBmot,MRN,GABA-neuroendocrine,MB,,,,10.0606959316876,0,Glut-GABA,AA SAL,Slide1_AA,MB
c_1_66_166,913,309,bm,66,7519,Midbrain reticular nucleus,MRN,-4.58,4.33,0.45,1_5,128.0,5.0,313.0,Midbrain,MBmot,MRN,GABA-neuroendocrine,MB,,,,9.83605035505807,0,GABA,AA SAL,Slide1_AA,MB
c_1_67_50,1305,385,fs,67,9151,Red nucleus,RN,-3.65,4.29,0.45,1_5,214.0,5.0,313.0,Midbrain,MBmot,RN,GABA-neuroendocrine-Neuropeptide,IB,,,,10.3509391815464,0,GABA,AA SAL,Slide1_AA,MB
c_1_98_96,891,302,bm,98,9699,Midbrain,MB,-3.6,5.27,0.45,1_5,313.0,3.0,313.0,Midbrain,MB,MB,GABA-neuroendocrine,MB,,,,9.8008998999203,0,GABA,AA SAL,Slide1_AA,MB
c_1_51_509,1311,422,uk,51,6508,Periaqueductal gray,PAG,-3.7,3.17,0.45,1_5,795.0,5.0,313.0,Midbrain,MBmot,PAG, -Oligodendrocyte, ,Oligodendrocyte Cyfip1-Sbf2-Nf1 P,Oligodendrocyte,Glial,10.3575520046181,0,GABA-Chol,AA SAL,Slide1_AA,MB
c_1_67_37,1158,349,jl,67,9771,Midbrain reticular nucleus,MRN,-3.7,4.0,0.45,1_5,128.0,5.0,313.0,Midbrain,MBmot,MRN,Glut-neuroendocrine,MB,Glut-Astrocyte Ndrg2-Adgrg1-Vegfa IC-SCs-LH,Glut-Astrocyte,Neuronal,10.1786648510065,1,Glut,AA SAL,Slide1_AA,MB
c_1_169_276,240,143,gb,169,4529,Cerebellum,CB,-5.47,2.02,0.42,1_6,512.0,2.0,512.0,Cerebellum,CB,CB,endothelial, ,,,,7.91288933622996,0,Undefined,AA MOR,Slide1_AA,CB
c_1_173_829,381,195,lt,173,2267,Cerebellum,CB,-5.54,1.41,0.42,1_6,512.0,2.0,512.0,Cerebellum,CB,CB,Glut-neuroendocrine-Neuropeptide,MB,,,,8.57742882803575,0,Chol,AA MOR,Slide1_AA,CB
c_1_173_877,484,270,uk,173,4510,Cerebellum,CB,-5.58,1.7,0.42,1_6,512.0,2.0,512.0,Cerebellum,CB,CB, -Oligodendrocyte, ,Glut Kcnq5-Chrm1-Rgs7 STR-MO,Glut,Neuronal,8.92184093707449,0,Chol,AA MOR,Slide1_AA,CB
c_1_173_20,873,338,mf,173,6265,Cerebellum,CB,-5.49,1.96,0.42,1_6,512.0,2.0,512.0,Cerebellum,CB,CB,Oligodendrocyte, ,Astrocyte Chrm1-Kcnq5-Ranbp2 MB-IB-HB,Astrocyte,Glial,9.7714894695006,0,Glut,AA MOR,Slide1_AA,CB
c_1_173_917,504,250,lt,173,2561,Cerebellum,CB,-5.59,1.77,0.42,1_6,512.0,2.0,512.0,Cerebellum,CB,CB,Glut-neuroendocrine-Neuropeptide,MB,Glut-Astrocyte Ndrg2-Adgrg1-Vegfa IC-SCs-LH,Glut-Astrocyte,Neuronal,8.98013957763916,0,Undefined,AA MOR,Slide1_AA,CB
c_1_189_587,615,241,vk,189,4960,Cerebellum,CB,-5.41,2.18,0.42,1_6,512.0,2.0,512.0,Cerebellum,CB,CB,GABA,MB,,,,9.2667865406949,0,Glut,AA MOR,Slide1_AA,CB
c_1_189_502,853,322,ck,189,7210,Cerebellum,CB,-5.45,2.08,0.42,1_6,512.0,2.0,512.0,Cerebellum,CB,CB,Glut-neuroendocrine-Neuropeptide,MB,Glut-Astrocyte Apc-Dgki-Csf1 MB-BST-HY-TH,Glut-Astrocyte,Neuronal,9.73809225962049,0,Undefined,AA MOR,Slide1_AA,CB
c_1_173_825,382,169,dw,173,1826,Cerebellum,CB,-5.58,1.61,0.42,1_6,512.0,2.0,512.0,Cerebellum,CB,CB,Astrocyte,CTX,,,,8.58120058192496,0,Undefined,AA MOR,Slide1_AA,CB
c_1_173_508,1191,426,pm,173,10119,Cerebellum,CB,-5.5,1.95,0.42,1_6,512.0,2.0,512.0,Cerebellum,CB,CB,Astrocyte,IB,Astrocyte Chrm1-Kcnq5-Ranbp2 MB-IB-HB,Astrocyte,Glial,10.2191685204622,0,Glut-GABA-Sero-Hist,AA MOR,Slide1_AA,CB
c_1_189_147,1443,397,lt,189,11614,Cerebellum,CB,-5.34,2.32,0.42,1_6,512.0,2.0,512.0,Cerebellum,CB,CB,Glut-neuroendocrine-Neuropeptide,MB,Glut-Astrocyte Ndrg2-Adgrg1-Vegfa IC-SCs-LH,Glut-Astrocyte,Neuronal,10.4958550268872,1,Glut,AA MOR,Slide1_AA,CB
c_1_173_632,574,244,lt,173,5728,Cerebellum,CB,-5.48,1.26,0.42,1_6,512.0,2.0,512.0,Cerebellum,CB,CB,Glut-neuroendocrine-Neuropeptide,MB,Glut-Astrocyte Ndrg2-Adgrg1-Vegfa IC-SCs-LH,Glut-Astrocyte,Neuronal,9.16741814583174,0,Glut,AA MOR,Slide1_AA,CB
c_1_189_552,331,178,lt,189,1944,Cerebellum,CB,-5.42,2.15,0.42,1_6,512.0,2.0,512.0,Cerebellum,CB,CB,Glut-neuroendocrine-Neuropeptide,MB,,,,8.37503943134693,0,Glut,AA MOR,Slide1_AA,CB
c_1_173_101,615,246,lt,173,7171,Cerebellum,CB,-5.5,1.94,0.42,1_6,512.0,2.0,512.0,Cerebellum,CB,CB,Glut-neuroendocrine-Neuropeptide,MB,Glut-Astrocyte Ndrg2-Adgrg1-Vegfa IC-SCs-LH,Glut-Astrocyte,Neuronal,9.2667865406949,1,Undefined,AA MOR,Slide1_AA,CB
c_1_173_359,2018,468,lt,173,14781,Cerebellum,CB,-5.52,1.36,0.42,1_6,512.0,2.0,512.0,Cerebellum,CB,CB,Glut-neuroendocrine-Neuropeptide,MB,Glut-Astrocyte Ndrg2-Adgrg1-Vegfa IC-SCs-LH,Glut-Astrocyte,Neuronal,10.9794251953315,0,Glut-GABA,AA MOR,Slide1_AA,CB
c_1_189_803,1025,326,lt,189,6487,Cerebellum,CB,-5.24,2.55,0.42,1_6,512.0,2.0,512.0,Cerebellum,CB,CB,Glut-neuroendocrine-Neuropeptide,MB,Glut-Astrocyte Ndrg2-Adgrg1-Vegfa IC-SCs-LH,Glut-Astrocyte,Neuronal,10.0028150156071,0,Glut,AA MOR,Slide1_AA,CB
c_1_173_872,770,323,lt,173,7585,Cerebellum,CB,-5.59,1.69,0.42,1_6,512.0,2.0,512.0,Cerebellum,CB,CB,Glut-neuroendocrine-Neuropeptide,MB,Glut-Astrocyte Ndrg2-Adgrg1-Vegfa IC-SCs-LH,Glut-Astrocyte,Neuronal,9.59058704991503,0,Glut,AA MOR,Slide1_AA,CB
c_1_189_243,863,335,lt,189,9219,Cerebellum,CB,-5.25,2.46,0.42,1_6,512.0,2.0,512.0,Cerebellum,CB,CB,Glut-neuroendocrine-Neuropeptide,MB,Glut-Astrocyte Ndrg2-Adgrg1-Vegfa IC-SCs-LH,Glut-Astrocyte,Neuronal,9.75488750216347,0,Glut,AA MOR,Slide1_AA,CB
c_1_173_423,2776,515,lt,173,20868,Cerebellum,CB,-5.56,1.86,0.42,1_6,512.0,2.0,512.0,Cerebellum,CB,CB,Glut-neuroendocrine-Neuropeptide,MB,Glut-GABA-Astrocyte Pecam1-Esam-Id1 P-MY-MB,Glut-GABA-Astrocyte,Neuronal,11.4393114618188,1,Glut-Dopa-Hist,AA MOR,Slide1_AA,CB
c_1_173_727,480,223,ck,173,4206,Cerebellum,CB,-5.53,1.4,0.42,1_6,512.0,2.0,512.0,Cerebellum,CB,CB,Glut-neuroendocrine-Neuropeptide,MB,,,,8.90989308377004,0,Undefined,AA MOR,Slide1_AA,CB
c_1_173_168,958,360,lt,173,5757,Cerebellum,CB,-5.56,1.54,0.42,1_6,512.0,2.0,512.0,Cerebellum,CB,CB,Glut-neuroendocrine-Neuropeptide,MB,Glut-Astrocyte Ndrg2-Adgrg1-Vegfa IC-SCs-LH,Glut-Astrocyte,Neuronal,9.90538700501813,0,Glut,AA MOR,Slide1_AA,CB
c_1_286_32,1047,326,ux,286,7046,Pontine gray,PG,-3.46,6.44,0.42,1_6,931.0,6.0,1065.0,Hindbrain,P,P-mot,Glut,HB,,,,10.0334230015375,0,Glut,AA MOR,Slide1_AA,HB
c_1_186_343,1737,423,lm,186,12280,Gigantocellular reticular nucleus,GRN,-6.64,6.11,0.42,1_6,1048.0,6.0,1065.0,Hindbrain,MY,MY-mot,Glut,MB-HB,Glut-GABA-Astrocyte Pecam1-Esam-Id1 P-MY-MB,Glut-GABA-Astrocyte,Neuronal,10.7632123668144,0,GABA-Hist,AA MOR,Slide1_AA,HB
c_1_378_171,573,263,ms,378,7005,Laterodorsal tegmental nucleus,LDT,-4.96,3.99,0.45,1_7,162.0,6.0,1065.0,Hindbrain,P,P-sat,Astrocyte, ,Astrocyte Clasp2-Ptprs-Alcam IB-MB-HB,Astrocyte,Glial,9.16490692667569,1,Hist,AA MOR,Slide1_AA,HB
c_1_300_220,783,295,gj,300,4822,Pontine gray,PG,-3.7,6.86,0.42,1_6,931.0,6.0,1065.0,Hindbrain,P,P-mot,Oligodendrocyte, ,Oligodendrocyte Cyfip1-Sbf2-Nf1 P,Oligodendrocyte,Glial,9.61470984411521,0,Glut,AA MOR,Slide1_AA,HB
c_1_166_116,1376,350,kj,166,10436,Gigantocellular reticular nucleus,GRN,-5.9,6.57,0.42,1_6,1048.0,6.0,1065.0,Hindbrain,MY,MY-mot,GABA,HB,,,,10.427312844135,1,GABA-Chol,AA MOR,Slide1_AA,HB
c_1_425_217,673,327,gb,425,11151,Pontine reticular nucleus caudal part,PRNc,-4.62,5.73,0.45,1_7,1093.0,6.0,1065.0,Hindbrain,P,P-mot,endothelial, ,,,,9.39660478118186,0,GABA,AA MOR,Slide1_AA,HB
c_1_270_272,750,249,gj,270,5917,Pontine reticular nucleus,PRNr,-4.01,5.56,0.42,1_6,146.0,6.0,1065.0,Hindbrain,P,P-sat,Oligodendrocyte, ,Oligodendrocyte Cul1-Cop1-Fbxw11 MB-P-TH-HY,Oligodendrocyte,Glial,9.55266909751427,0,Sero,AA MOR,Slide1_AA,HB
c_1_187_395,1113,364,te,187,10807,Magnocellular reticular nucleus,MARN,-6.19,6.89,0.42,1_6,307.0,6.0,1065.0,Hindbrain,MY,MY-mot,Oligodendrocyte,MB,Oligodendrocyte Cul1-Cop1-Fbxw11 MB-P-TH-HY,Oligodendrocyte,Glial,10.12153351734,1,Glut,AA MOR,Slide1_AA,HB
c_1_324_95,308,175,gj,324,5099,Paragigantocellular reticular nucleus dorsal part,PGRNd,-6.19,5.32,0.45,1_7,970.0,7.0,1065.0,Hindbrain,MY,MY-mot,Oligodendrocyte, ,,,,8.27146302790437,0,Undefined,AA MOR,Slide1_AA,HB
c_1_185_9,974,296,gj,185,5810,Dorsal motor nucleus of the vagus nerve,DMX,-6.72,5.2,0.42,1_6,839.0,6.0,1065.0,Hindbrain,MY,MY-mot,Oligodendrocyte, ,Oligodendrocyte Cul1-Cop1-Fbxw11 MB-P-TH-HY,Oligodendrocyte,Glial,9.92925840863697,0,Undefined,AA MOR,Slide1_AA,HB
c_1_322_653,821,303,bm,322,4637,Medial vestibular nucleus,MV,-5.6,4.61,0.45,1_7,202.0,7.0,1065.0,Hindbrain,MY,MY-mot,GABA-neuroendocrine,MB,,,,9.68299458368168,0,Glut-GABA,AA MOR,Slide1_AA,HB
c_1_163_156,407,208,mb,163,6250,Gigantocellular reticular nucleus,GRN,-5.85,5.89,0.42,1_6,1048.0,6.0,1065.0,Hindbrain,MY,MY-mot,GABA-Neuropeptide,CTX,GABA Tgfbr1-Trem2-Tyrobp LSX,GABA,Neuronal,8.6724253419715,0,GABA,AA MOR,Slide1_AA,HB
c_1_325_7,420,186,gj,325,5334,Nucleus incertus,NI,-5.28,4.83,0.45,1_7,604.0,6.0,1065.0,Hindbrain,P,P-sat,Oligodendrocyte, ,,,,8.7176764230664,0,Sero-Hist,AA MOR,Slide1_AA,HB
c_1_441_134,277,173,gj,441,6718,Pontine reticular nucleus caudal part,PRNc,-4.5,6.41,0.45,1_7,1093.0,6.0,1065.0,Hindbrain,P,P-mot,Oligodendrocyte, ,,,,8.11894107272351,0,Hist,AA MOR,Slide1_AA,HB
c_1_221_63,1365,400,on,221,10083,Laterodorsal tegmental nucleus,LDT,-5.02,4.05,0.42,1_6,162.0,6.0,1065.0,Hindbrain,P,P-sat,Glut-neuroendocrine-Neuropeptide,MB-IB,Glut-Astrocyte Apc-Dgki-Csf1 MB-BST-HY-TH,Glut-Astrocyte,Neuronal,10.4157417682901,0,Glut-GABA,AA MOR,Slide1_AA,HB
c_1_237_35,2848,503,kj,237,21076,Pontine central gray,PCG,-4.94,4.3,0.42,1_6,898.0,6.0,1065.0,Hindbrain,P,P-mot,GABA,HB,Glut-GABA-Astrocyte Pecam1-Esam-Id1 P-MY-MB,Glut-GABA-Astrocyte,Neuronal,11.4762399063239,1,Glut-GABA,AA MOR,Slide1_AA,HB
c_1_325_140,822,318,te,325,16484,Medulla,MY,-5.61,5.17,0.45,1_7,354.0,4.0,1065.0,Hindbrain,MY,MY,Oligodendrocyte,MB,Oligodendrocyte Cyfip1-Sbf2-Nf1 P,Oligodendrocyte,Glial,9.68474862042163,0,Glut-GABA,AA MOR,Slide1_AA,HB
c_1_426_276,712,279,gj,426,5179,Pontine reticular nucleus,PRNr,-4.16,5.54,0.45,1_7,146.0,6.0,1065.0,Hindbrain,P,P-sat,Oligodendrocyte, ,Oligodendrocyte Cul1-Cop1-Fbxw11 MB-P-TH-HY,Oligodendrocyte,Glial,9.47775826644389,1,Glut,AA MOR,Slide1_AA,HB
c_1_221_280,846,325,bm,221,9421,Pontine central gray,PCG,-5.32,4.03,0.42,1_6,898.0,6.0,1065.0,Hindbrain,P,P-mot,GABA-neuroendocrine,MB,,,,9.7262181593322,0,GABA,AA MOR,Slide1_AA,HB
c_1_409_343,810,288,gj,409,5217,Pontine reticular nucleus caudal part,PRNc,-4.64,5.47,0.45,1_7,1093.0,6.0,1065.0,Hindbrain,P,P-mot,Oligodendrocyte, ,Oligodendrocyte Cul1-Cop1-Fbxw11 MB-P-TH-HY,Oligodendrocyte,Glial,9.66355810421727,0,Glut-GABA-Chol,AA MOR,Slide1_AA,HB
c_1_272_529,1326,440,ms,272,9937,Midbrain,MB,-2.84,5.38,0.42,1_6,313.0,3.0,313.0,Midbrain,MB,MB,Astrocyte, ,Astrocyte Chrm1-Kcnq5-Ranbp2 MB-IB-HB,Astrocyte,Glial,10.3739526553702,1,GABA-Dopa-Sero-Hist,AA MOR,Slide1_AA,MB
c_1_193_282,863,281,kx,193,7630,Superior colliculus optic layer,SCop,-3.13,1.99,0.42,1_6,851.0,6.0,313.0,Midbrain,MBsen,SCs,GABA-Astrocyte,MB,,,,9.75488750216347,0,GABA,AA MOR,Slide1_AA,MB
c_1_240_246,273,170,gb,240,3790,Midbrain reticular nucleus,MRN,-2.65,4.21,0.42,1_6,128.0,5.0,313.0,Midbrain,MBmot,MRN,endothelial, ,,,,8.09803208296053,0,GABA,AA MOR,Slide1_AA,MB
c_1_346_537,583,264,ms,346,5543,Periaqueductal gray,PAG,-5.05,2.53,0.45,1_7,795.0,5.0,313.0,Midbrain,MBmot,PAG,Astrocyte, ,Astrocyte Clasp2-Ptprs-Alcam IB-MB-HB,Astrocyte,Glial,9.18982455888002,1,Chol,AA MOR,Slide1_AA,MB
c_1_190_94,1658,479,fs,190,16328,Periaqueductal gray,PAG,-4.91,2.12,0.42,1_6,795.0,5.0,313.0,Midbrain,MBmot,PAG,GABA-neuroendocrine-Neuropeptide,IB,Glut-Astrocyte Apc-Dgki-Csf1 MB-BST-HY-TH,Glut-Astrocyte,Neuronal,10.6960981709559,1,Glut-GABA,AA MOR,Slide1_AA,MB
c_1_429_424,398,193,ck,429,3257,Midbrain,MB,-2.39,5.2,0.45,1_7,313.0,3.0,313.0,Midbrain,MB,MB,Glut-neuroendocrine-Neuropeptide,MB,,,,8.64024493622235,0,Glut,AA MOR,Slide1_AA,MB
c_1_241_179,2193,459,bm,241,17984,Midbrain,MB,-2.48,3.74,0.42,1_6,313.0,3.0,313.0,Midbrain,MB,MB,GABA-neuroendocrine,MB,,,,11.0993478104032,0,Glut-GABA-Hist,AA MOR,Slide1_AA,MB
c_1_224_371,665,247,on,224,5370,Periaqueductal gray,PAG,-3.36,3.16,0.42,1_6,795.0,5.0,313.0,Midbrain,MBmot,PAG,Glut-neuroendocrine-Neuropeptide,MB-IB,,,,9.37937836707126,0,Undefined,AA MOR,Slide1_AA,MB
c_1_273_342,109,70,ti,273,3957,Midbrain,MB,-2.66,5.39,0.42,1_6,313.0,3.0,313.0,Midbrain,MB,MB,Undefined, ,Rgs6-Gabbr2-Cacna1e TH-HPF,Other,Other Cells,6.78135971352466,0,Undefined,AA MOR,Slide1_AA,MB
c_1_413_285,634,271,jl,413,7668,Midbrain,MB,-2.39,4.04,0.45,1_7,313.0,3.0,313.0,Midbrain,MB,MB,Glut-neuroendocrine,MB,Glut Oprd1-Adam22-Sox6 TH-HY-MY,Glut,Neuronal,9.31061278165953,0,Glut,AA MOR,Slide1_AA,MB
c_1_255_337,494,214,ms,255,4191,Midbrain,MB,-3.76,4.91,0.42,1_6,313.0,3.0,313.0,Midbrain,MB,MB,Astrocyte, ,Astrocyte Clasp2-Ptprs-Alcam IB-MB-HB,Astrocyte,Glial,8.95128471496697,1,Undefined,AA MOR,Slide1_AA,MB
c_1_176_131,1449,424,rx,176,13220,Superior colliculus superficial gray layer,SCsg,-4.13,1.15,0.42,1_6,842.0,6.0,313.0,Midbrain,MBsen,SCs,Astrocyte-Neuropeptide,MB,,,,10.5018371849023,0,GABA,AA MOR,Slide1_AA,MB
c_1_411_26,2669,477,lm,411,19032,Red nucleus,RN,-3.44,4.43,0.45,1_7,214.0,5.0,313.0,Midbrain,MBmot,RN,Glut,MB-HB,Glut-GABA-Astrocyte Pecam1-Esam-Id1 P-MY-MB,Glut-GABA-Astrocyte,Neuronal,11.3826240265749,0,Glut-GABA-Hist,AA MOR,Slide1_AA,MB
c_1_348_233,500,237,wc,348,7283,Superior colliculus motor related deep gray layer,SCdg,-3.82,2.22,0.45,1_7,26.0,6.0,313.0,Midbrain,MBmot,SCm,Undefined-Glut-Astrocyte-Ependymal,HB,,,,8.96866679319521,1,GABA,AA MOR,Slide1_AA,MB
c_1_348_561,460,220,vk,348,4369,Superior colliculus motor related intermediate gray layer,SCig,-3.66,1.86,0.45,1_7,10.0,6.0,313.0,Midbrain,MBmot,SCm,GABA,MB,,,,8.84862294042934,0,Glut,AA MOR,Slide1_AA,MB
c_1_174_28,830,360,lt,174,8022,Inferior colliculus dorsal nucleus,ICd,-5.13,1.62,0.42,1_6,820.0,6.0,313.0,Midbrain,MBsen,IC,Glut-neuroendocrine-Neuropeptide,MB,Glut-Astrocyte Ndrg2-Adgrg1-Vegfa IC-SCs-LH,Glut-Astrocyte,Neuronal,9.69870466677034,0,Glut,AA MOR,Slide1_AA,MB
c_1_207_385,352,163,jl,207,4516,Periaqueductal gray,PAG,-4.03,2.53,0.42,1_6,795.0,5.0,313.0,Midbrain,MBmot,PAG,Glut-neuroendocrine,MB,,,,8.46352437327118,0,Glut,AA MOR,Slide1_AA,MB
c_1_379_393,330,193,fs,379,5402,Periaqueductal gray,PAG,-3.93,3.28,0.45,1_7,795.0,5.0,313.0,Midbrain,MBmot,PAG,GABA-neuroendocrine-Neuropeptide,IB,,,,8.37068740680722,0,GABA,AA MOR,Slide1_AA,MB
c_1_412_54,974,306,fw,412,13495,Midbrain reticular nucleus,MRN,-2.74,4.39,0.45,1_7,128.0,5.0,313.0,Midbrain,MBmot,MRN,GABA,MB,,,,9.92925840863697,0,GABA,AA MOR,Slide1_AA,MB
c_1_396_351,267,152,gb,396,4458,Midbrain reticular nucleus,MRN,-3.51,4.07,0.45,1_7,128.0,5.0,313.0,Midbrain,MBmot,MRN,endothelial, ,,,,8.06608919045777,0,Undefined,AA MOR,Slide1_AA,MB
c_2_247_42,258,140,ms,247,4226,Cerebellum,CB,-5.49,1.79,0.18,2_2,512.0,2.0,512.0,Cerebellum,CB,CB,Astrocyte, ,,,,8.01680828768655,0,Undefined,GG MOR,Slide2_GG,CB
c_2_247_13,159,104,zo,247,2609,Cerebellum,CB,-5.47,1.64,0.18,2_2,512.0,2.0,512.0,Cerebellum,CB,CB,endothelial, ,,,,7.32192809488736,0,Undefined,GG MOR,Slide2_GG,CB
c_2_115_226,512,281,wk,115,4218,Cerebellum,CB,-5.56,1.54,0.42,2_4,512.0,2.0,512.0,Cerebellum,CB,CB,Glut-neuroendocrine-Neuropeptide,MB-IB,,,,9.00281501560705,0,Undefined,GG MOR,Slide2_GG,CB
c_2_237_640,486,239,wh,237,6796,Cerebellum,CB,-5.4,1.98,0.18,2_2,512.0,2.0,512.0,Cerebellum,CB,CB,Glut-neuroendocrine-Neuropeptide,IB,,,,8.92777796208234,0,Glut,GG MOR,Slide2_GG,CB
c_2_115_426,394,192,ms,115,4521,Cerebellum,CB,-5.53,1.4,0.42,2_4,512.0,2.0,512.0,Cerebellum,CB,CB,Astrocyte, ,Astrocyte Clasp2-Ptprs-Alcam IB-MB-HB,Astrocyte,Glial,8.62570884306447,0,Glut,GG MOR,Slide2_GG,CB
c_2_247_449,480,224,ti,247,9079,Cerebellum,CB,-5.48,1.79,0.18,2_2,512.0,2.0,512.0,Cerebellum,CB,CB,Undefined, ,Itm2a-SIc2a1-Cldn5 Isocortex-TH-MB,Other,Other Cells,8.90989308377004,0,Glut-GABA,GG MOR,Slide2_GG,CB
c_2_115_563,303,188,lt,115,2366,Cerebellum,CB,-5.51,1.32,0.42,2_4,512.0,2.0,512.0,Cerebellum,CB,CB,Glut-neuroendocrine-Neuropeptide,MB,Glut Kcnq5-Chrm1-Rgs7 STR-MO,Glut,Neuronal,8.24792751344359,0,Glut,GG MOR,Slide2_GG,CB
c_2_247_460,731,337,ni,247,7161,Cerebellum,CB,-5.43,1.45,0.18,2_2,512.0,2.0,512.0,Cerebellum,CB,CB,GABA, ,Glut Nfasc-Olig1-Mag BST-HY-SC,Glut,Neuronal,9.51569983828404,0,Glut-GABA-Sero,GG MOR,Slide2_GG,CB
c_2_115_386,157,107,ti,115,2356,Cerebellum,CB,-5.58,1.67,0.42,2_4,512.0,2.0,512.0,Cerebellum,CB,CB,Undefined, ,Endothelial H6pd-Vegfa-Grk3 CTX-TH-MB-P,Endothelial,Other Cells,7.3037807481771,0,Glut,GG MOR,Slide2_GG,CB
c_2_247_208,1186,430,wk,247,8316,Cerebellum,CB,-5.47,1.66,0.18,2_2,512.0,2.0,512.0,Cerebellum,CB,CB,Glut-neuroendocrine-Neuropeptide,MB-IB,GABA Tspan7-Chrm2-SIc8a1 HY-MB-STRv,GABA,Neuronal,10.2131042196419,0,Undefined,GG MOR,Slide2_GG,CB
c_2_247_383,338,171,lz,247,4060,Cerebellum,CB,-5.44,1.51,0.18,2_2,512.0,2.0,512.0,Cerebellum,CB,CB,Undefined-GABA-neuroendocrine-Neuropeptide,IB,,,,8.40514146313634,0,GABA,GG MOR,Slide2_GG,CB
c_2_115_569,591,269,am,115,6622,Cerebellum,CB,-5.58,1.65,0.42,2_4,512.0,2.0,512.0,Cerebellum,CB,CB,Glut,IB,,,,9.20945336562895,0,Glut-Chol,GG MOR,Slide2_GG,CB
c_2_247_252,540,230,gj,247,5840,Cerebellum,CB,-5.46,1.61,0.18,2_2,512.0,2.0,512.0,Cerebellum,CB,CB,Oligodendrocyte, ,,,,9.07948478382682,0,Undefined,GG MOR,Slide2_GG,CB
c_2_115_825,440,212,lt,115,4408,Cerebellum,CB,-5.43,1.18,0.42,2_4,512.0,2.0,512.0,Cerebellum,CB,CB,Glut-neuroendocrine-Neuropeptide,MB,,,,8.78463484555752,0,Glut-Hist,GG MOR,Slide2_GG,CB
c_2_247_500,396,163,oq,247,8165,Cerebellum,CB,-5.41,1.42,0.18,2_2,512.0,2.0,512.0,Cerebellum,CB,CB,Oligodendrocyte,MB,,,,8.63299519714296,0,Undefined,GG MOR,Slide2_GG,CB
c_2_115_655,172,108,pm,115,2556,Cerebellum,CB,-5.5,1.29,0.42,2_4,512.0,2.0,512.0,Cerebellum,CB,CB,Astrocyte,IB,Astrocyte Ptgds-Atp1a2-Nnat CTX-IB,Astrocyte,Glial,7.43462822763672,0,Undefined,GG MOR,Slide2_GG,CB
c_2_247_316,356,194,fu,247,4719,Cerebellum,CB,-5.45,1.56,0.18,2_2,512.0,2.0,512.0,Cerebellum,CB,CB,Microglia,CTX,Microglia Tfdp2-Cckbr-Shprh Isocortex,Microglia,Glial,8.4797802640291,0,Undefined,GG MOR,Slide2_GG,CB
c_2_100_266,649,297,vw,100,7437,Cerebellum,CB,-5.25,2.48,0.42,2_4,512.0,2.0,512.0,Cerebellum,CB,CB,Astrocyte,IB,Glut Nfasc-Olig1-Mag BST-HY-SC,Glut,Neuronal,9.34429590791582,0,GABA,GG MOR,Slide2_GG,CB
c_2_115_442,834,299,lt,115,6944,Cerebellum,CB,-5.53,1.39,0.42,2_4,512.0,2.0,512.0,Cerebellum,CB,CB,Glut-neuroendocrine-Neuropeptide,MB,Glut-Astrocyte Ndrg2-Adgrg1-Vegfa IC-SCs-LH,Glut-Astrocyte,Neuronal,9.70563238736142,0,Glut,GG MOR,Slide2_GG,CB
c_2_115_537,800,319,lt,115,8102,Cerebellum,CB,-5.53,1.36,0.42,2_4,512.0,2.0,512.0,Cerebellum,CB,CB,Glut-neuroendocrine-Neuropeptide,MB,Glut-Astrocyte Ndrg2-Adgrg1-Vegfa IC-SCs-LH,Glut-Astrocyte,Neuronal,9.64565843240871,0,Glut,GG MOR,Slide2_GG,CB
c_2_160_331,610,244,ux,160,4994,Pontine gray,PG,-3.52,6.01,0.18,2_2,931.0,6.0,1065.0,Hindbrain,P,P-mot,Glut,HB,Glut Adgrg1 PG,Glut,Neuronal,9.25502856981873,1,Glut,GG MOR,Slide2_GG,HB
c_2_180_411,400,203,lr,180,5232,Gigantocellular reticular nucleus,GRN,-6.09,5.64,0.18,2_2,1048.0,6.0,1065.0,Hindbrain,MY,MY-mot,Oligodendrocyte, ,,,,8.64745842645492,0,Undefined,GG MOR,Slide2_GG,HB
c_2_55_336,92,71,ti,55,9120,Pons,P,-5.54,4.92,0.42,2_4,771.0,4.0,1065.0,Hindbrain,P,P,Undefined, ,Rbp4-Cnr1-Crebbp CTX-HY-MD,Other,Other Cells,6.53915881110803,0,Undefined,GG MOR,Slide2_GG,HB
c_2_38_163,282,156,gj,38,4503,Pons,P,-3.74,5.3,0.42,2_4,771.0,4.0,1065.0,Hindbrain,P,P,Oligodendrocyte, ,,,,8.14465824283188,0,Undefined,GG MOR,Slide2_GG,HB
c_2_148_504,177,110,gb,148,3024,Magnocellular reticular nucleus,MARN,-5.45,6.81,0.18,2_2,307.0,6.0,1065.0,Hindbrain,MY,MY-mot,endothelial, ,Endothelial H6pd-Vegfa-Grk3 CTX-TH-MB-P,Endothelial,Other Cells,7.4757334309664,0,Undefined,GG MOR,Slide2_GG,HB
c_2_38_190,855,332,qq,38,11411,Superior central nucleus raphe,CS,-3.96,5.26,0.42,2_4,679.0,6.0,1065.0,Hindbrain,P,P-sat,Hist-Dopa-neuroendocrine-Neuropeptide,MB,,,,9.74146698640115,1,GABA-Chol-Dopa-Hist,GG MOR,Slide2_GG,HB
c_2_149_310,487,236,lr,149,5259,Medulla,MY,-5.5,6.88,0.18,2_2,354.0,4.0,1065.0,Hindbrain,MY,MY,Oligodendrocyte, ,Oligodendrocyte Gpm6a-Cacna2d1-Fbxw7 BST-P,Oligodendrocyte,Glial,8.93073733756289,0,Glut-Sero,GG MOR,Slide2_GG,HB
c_2_160_1,332,200,vw,160,6671,Pontine gray,PG,-3.43,6.19,0.18,2_2,931.0,6.0,1065.0,Hindbrain,P,P-mot,Astrocyte,IB,GABA Glul-Itch-Agt HY-STRv-MB,GABA,Neuronal,8.37937836707126,0,Undefined,GG MOR,Slide2_GG,HB
c_2_55_106,133,94,gb,55,2399,Pontine central gray,PCG,-4.9,4.55,0.42,2_4,898.0,6.0,1065.0,Hindbrain,P,P-mot,endothelial, ,Endothelial H6pd-Vegfa-Grk3 CTX-TH-MB-P,Endothelial,Other Cells,7.06608919045777,0,Glut,GG MOR,Slide2_GG,HB
c_2_162_564,674,251,bm,162,5949,Pons,P,-4.53,5.69,0.18,2_2,771.0,4.0,1065.0,Hindbrain,P,P,GABA-neuroendocrine,MB,,,,9.39874369193819,0,GABA,GG MOR,Slide2_GG,HB
c_2_195_153,196,112,gj,195,2636,Nucleus prepositus,PRP,-6.47,5.16,0.18,2_2,169.0,7.0,1065.0,Hindbrain,MY,MY-mot,Oligodendrocyte, ,Oligodendrocyte Ybx1-Mgll MB-P-STRv,Oligodendrocyte,Glial,7.62205181945638,0,Undefined,GG MOR,Slide2_GG,HB
c_2_162_451,932,344,al,162,7278,Pons,P,-4.66,5.85,0.18,2_2,771.0,4.0,1065.0,Hindbrain,P,P,Glut,HB,,Other,Other Cells,9.86573327085176,1,Glut,GG MOR,Slide2_GG,HB
c_2_163_342,720,272,hp,163,4826,Gigantocellular reticular nucleus,GRN,-5.62,5.76,0.18,2_2,1048.0,6.0,1065.0,Hindbrain,MY,MY-mot,Astrocyte-Oligodendrocyte-Ependymal,HB,,Other,Other Cells,9.49385544924082,0,Undefined,GG MOR,Slide2_GG,HB
c_2_161_253,148,93,yn,161,1678,Tegmental reticular nucleus,TRN,-4.3,5.98,0.18,2_2,574.0,6.0,1065.0,Hindbrain,P,P-mot,Oligodendrocyte,CTX,Oligodendrocyte Ybx1-Mgll MB-P-STRv,Oligodendrocyte,Glial,7.21916852046216,0,Undefined,GG MOR,Slide2_GG,HB
c_2_149_501,471,196,rq,149,3674,Magnocellular reticular nucleus,MARN,-5.23,6.56,0.18,2_2,307.0,6.0,1065.0,Hindbrain,MY,MY-mot,Glut,MB,,,,8.88264304936184,0,Undefined,GG MOR,Slide2_GG,HB
c_2_194_56,639,251,oq,194,5025,Dorsal tegmental nucleus,DTN,-5.17,4.21,0.18,2_2,880.0,6.0,1065.0,Hindbrain,P,P-mot,Oligodendrocyte,MB,,,,9.32192809488736,1,Glut-GABA,GG MOR,Slide2_GG,HB
c_2_193_72,423,227,y,193,4237,Superior central nucleus raphe,CS,-4.41,4.77,0.18,2_2,679.0,6.0,1065.0,Hindbrain,P,P-sat,Undefined, ,Akt3-Skil-Dock3,Other,Other Cells,8.7279204545632,0,GABA,GG MOR,Slide2_GG,HB
c_2_12_483,251,133,te,12,4799,Pons,P,-4.07,6.93,0.42,2_4,771.0,4.0,1065.0,Hindbrain,P,P,Oligodendrocyte,MB,Oligodendrocyte Brwd1-Rpia-Ada P,Oligodendrocyte,Glial,7.97727992349992,0,Undefined,GG MOR,Slide2_GG,HB
c_2_179_104,154,87,ms,179,2314,Nucleus prepositus,PRP,-5.82,5.09,0.18,2_2,169.0,7.0,1065.0,Hindbrain,MY,MY-mot,Astrocyte, ,,,,7.27612440527424,1,Undefined,GG MOR,Slide2_GG,HB
c_2_56_314,622,274,g,56,7251,Pontine central gray,PCG,-5.44,4.8,0.42,2_4,898.0,6.0,1065.0,Hindbrain,P,P-mot,GABA-Neuropeptide,IB,,,,9.283088353024,0,GABA-Hist,GG MOR,Slide2_GG,HB
c_2_66_325,312,152,lr,66,5224,Midbrain,MB,-2.37,3.89,0.42,2_4,313.0,3.0,313.0,Midbrain,MB,MB,Oligodendrocyte, ,,,,8.29001884693262,0,Undefined,GG MOR,Slide2_GG,MB
c_2_113_34,491,245,ms,113,5461,Superior colliculus optic layer,SCop,-3.35,1.81,0.42,2_4,851.0,6.0,313.0,Midbrain,MBsen,SCs,Astrocyte, ,,,,8.94251450533924,1,Glut,GG MOR,Slide2_GG,MB
c_2_68_255,1026,361,ly,68,10306,Midbrain reticular nucleus,MRN,-3.79,3.79,0.42,2_4,128.0,5.0,313.0,Midbrain,MBmot,MRN,Glut,MB-HB,,Other,Other Cells,10.0042204663182,0,Glut,GG MOR,Slide2_GG,MB
c_2_177_70,295,176,oq,177,4425,Anterior tegmental nucleus,AT,-4.13,4.83,0.18,2_2,231.0,5.0,313.0,Midbrain,MBmot,AT,Oligodendrocyte,MB,Oligodendrocyte Ybx1-Mgll MB-P-STRv,Oligodendrocyte,Glial,8.20945336562895,0,Undefined,GG MOR,Slide2_GG,MB
c_2_69_400,169,109,kx,69,3101,Periaqueductal gray,PAG,-4.44,3.7,0.42,2_4,795.0,5.0,313.0,Midbrain,MBmot,PAG,GABA-Astrocyte,MB,Dclk1-Htt IB HY-STR-SC,Other,Other Cells,7.4093909361377,0,GABA-Hist,GG MOR,Slide2_GG,MB
c_2_112_624,872,327,te,112,14697,Superior colliculus motor related intermediate gray layer,SCig,-3.07,2.06,0.42,2_4,10.0,6.0,313.0,Midbrain,MBmot,SCm,Oligodendrocyte,MB,Oligodendrocyte Cul1-Cop1-Fbxw11 MB-P-TH-HY,Oligodendrocyte,Glial,9.76983784362944,0,Undefined,GG MOR,Slide2_GG,MB
c_2_97_788,554,242,oq,97,6439,Midbrain,MB,-2.92,2.12,0.42,2_4,313.0,3.0,313.0,Midbrain,MB,MB,Oligodendrocyte,MB,,,,9.11634396123747,0,Glut-Hist,GG MOR,Slide2_GG,MB
c_2_160_605,285,153,gn,160,3766,Interpeduncular nucleus lateral,IPL,-3.56,5.66,0.18,2_2,607344846.0,7.0,313.0,Midbrain,MBsta,RAmb,Astrocyte, ,Astrocyte Oprm1-Tnks-Prkar2a LH-RSC,Astrocyte,Glial,8.15987133677839,0,Undefined,GG MOR,Slide2_GG,MB
c_2_66_395,772,300,wh,66,7742,Midbrain,MB,-2.26,3.85,0.42,2_4,313.0,3.0,313.0,Midbrain,MB,MB,Glut-neuroendocrine-Neuropeptide,IB,Glut Oprd1-Adam22-Sox6 TH-HY-MY,Glut,Neuronal,9.59432460392485,0,Glut,GG MOR,Slide2_GG,MB
c_2_96_354,382,205,wh,96,3489,Midbrain,MB,-2.38,2.57,0.42,2_4,313.0,3.0,313.0,Midbrain,MB,MB,Glut-neuroendocrine-Neuropeptide,IB,,,,8.58120058192496,0,Glut,GG MOR,Slide2_GG,MB
c_2_245_906,477,237,bk,245,4348,Superior colliculus superficial gray layer,SCsg,-3.33,1.49,0.18,2_2,842.0,6.0,313.0,Midbrain,MBsen,SCs,Glut-Neuropeptide,CTX,Glut Adgrg1-Gm2a Isocortex-MOB,Glut,Neuronal,8.90086680798075,0,Glut,GG MOR,Slide2_GG,MB
c_2_236_68,674,310,ms,236,8276,Superior colliculus motor related intermediate white layer,SCiw,-4.28,1.91,0.18,2_2,17.0,6.0,313.0,Midbrain,MBmot,SCm,Astrocyte, ,Astrocyte Chrm1-Kcnq5-Ranbp2 MB-IB-HB,Astrocyte,Glial,9.39874369193819,0,Undefined,GG MOR,Slide2_GG,MB
c_2_235_551,596,280,mf,235,5585,Superior colliculus motor related intermediate white layer,SCiw,-4.22,1.97,0.18,2_2,17.0,6.0,313.0,Midbrain,MBmot,SCm,Oligodendrocyte, ,Astrocyte Chrm1-Kcnq5-Ranbp2 MB-IB-HB,Astrocyte,Glial,9.22158712126481,0,Undefined,GG MOR,Slide2_GG,MB
c_2_37_394,1056,376,qq,37,9128,Ventral tegmental area,VTA,-3.04,5.13,0.42,2_4,749.0,5.0,313.0,Midbrain,MBmot,VTA,Hist-Dopa-neuroendocrine-Neuropeptide,MB,,,,10.0457596613827,1,GABA-Dopa-Sero-Hist,GG MOR,Slide2_GG,MB
c_2_85_570,688,284,gj,85,4771,Periaqueductal gray,PAG,-4.82,2.7,0.42,2_4,795.0,5.0,313.0,Midbrain,MBmot,PAG,Oligodendrocyte, ,Oligodendrocyte Cul1-Cop1-Fbxw11 MB-P-TH-HY,Oligodendrocyte,Glial,9.42836017270429,0,Glut,GG MOR,Slide2_GG,MB
c_2_23_609,554,285,wh,23,9228,Midbrain,MB,-3.03,5.58,0.42,2_4,313.0,3.0,313.0,Midbrain,MB,MB,Glut-neuroendocrine-Neuropeptide,IB,,,,9.11634396123747,0,Glut,GG MOR,Slide2_GG,MB
c_2_192_243,250,161,dg,192,4023,Central linear nucleus raphe,CLI,-3.76,4.42,0.18,2_2,591.0,6.0,313.0,Midbrain,MBsta,RAmb,Microglia, ,,,,7.97154355395077,0,Undefined,GG MOR,Slide2_GG,MB
c_2_205_138,1110,354,ta,205,9900,Precommissural nucleus,PRC,-2.36,3.38,0.18,2_2,50.0,6.0,313.0,Midbrain,MBmot,PAG,GABA,MB,GABA-Astrocyte Pde10a-Ppp1r1b-Drd1 MSC-HY-MB-P,GABA-Astrocyte,Neuronal,10.1176431013891,0,Glut-GABA,GG MOR,Slide2_GG,MB
c_2_97_106,253,129,gd,97,5487,Midbrain,MB,-2.85,2.81,0.42,2_4,313.0,3.0,313.0,Midbrain,MB,MB,,,,,,7.98868468677217,0,Undefined,GG MOR,Slide2_GG,MB
c_2_82_10,1089,382,te,82,19537,Midbrain reticular nucleus,MRN,-3.06,3.39,0.42,2_4,128.0,5.0,313.0,Midbrain,MBmot,MRN,Oligodendrocyte,MB,Oligodendrocyte Cul1-Cop1-Fbxw11 MB-P-TH-HY,Oligodendrocyte,Glial,10.0901124196643,0,Chol,GG MOR,Slide2_GG,MB
c_2_362_577,134,78,rx,362,6820,Cerebellum,CB,-5.48,1.46,0.3,2_1,512.0,2.0,512.0,Cerebellum,CB,CB,Astrocyte-Neuropeptide,MB,Glut Cacnald-Epn2-Mef2a Isocortex,Glut,Neuronal,7.07681559705083,0,Undefined,GG SAL,Slide2_GG,CB
c_2_363_653,262,106,om,363,14291,Cerebellum,CB,-5.48,1.49,0.3,2_1,512.0,2.0,512.0,Cerebellum,CB,CB,Astrocyte-Neuropeptide, ,Astrocyte Oprm1-Tnks-Prkar2a LH-RSC,Astrocyte,Glial,8.0389189892923,1,Undefined,GG SAL,Slide2_GG,CB
c_2_353_227,218,132,ms,353,5452,Cerebellum,CB,-5.41,2.06,0.3,2_1,512.0,2.0,512.0,Cerebellum,CB,CB,Astrocyte, ,,,,7.77478705960117,0,Undefined,GG SAL,Slide2_GG,CB
c_2_362_312,316,191,vy,362,3074,Cerebellum,CB,-5.44,1.34,0.3,2_1,512.0,2.0,512.0,Cerebellum,CB,CB,Glut-Neuropeptide,IB,Glut Kcnq5-Chrm1-Rgs7 STR-MO,Glut,Neuronal,8.30833903013941,0,Undefined,GG SAL,Slide2_GG,CB
c_2_269_365,390,201,lr,269,5872,Magnocellular reticular nucleus,MARN,-5.54,6.62,0.3,2_1,307.0,6.0,1065.0,Hindbrain,MY,MY-mot,Oligodendrocyte, ,Oligodendrocyte Gpm6a-Cacna2d1-Fbxw7 BST-P,Oligodendrocyte,Glial,8.61102479730735,0,Undefined,GG SAL,Slide2_GG,HB
c_2_312_301,670,305,mf,312,6035,Pontine central gray,PCG,-5.0,4.48,0.3,2_1,898.0,6.0,1065.0,Hindbrain,P,P-mot,Oligodendrocyte, ,,,,9.39016895620018,0,Glut-Sero,GG SAL,Slide2_GG,HB
c_2_281_320,221,131,gb,281,4029,Gigantocellular reticular nucleus,GRN,-5.1,6.38,0.3,2_1,1048.0,6.0,1065.0,Hindbrain,MY,MY-mot,endothelial, ,,,,7.79441586635011,0,Undefined,GG SAL,Slide2_GG,HB
c_2_312_214,334,194,uk,312,14305,Pontine central gray,PCG,-5.5,4.62,0.3,2_1,898.0,6.0,1065.0,Hindbrain,P,P-mot, -Oligodendrocyte, ,Oligodendrocyte Brwd1-Rpia-Ada P,Oligodendrocyte,Glial,8.38801728534514,0,Glut,GG SAL,Slide2_GG,HB
c_2_280_85,253,156,fu,280,4013,Magnocellular reticular nucleus,MARN,-5.19,6.57,0.3,2_1,307.0,6.0,1065.0,Hindbrain,MY,MY-mot,Microglia,CTX,,,,7.98868468677217,0,Glut,GG SAL,Slide2_GG,HB
c_2_283_706,1152,371,ly,283,7013,Medulla,MY,-7.09,6.63,0.3,2_1,354.0,4.0,1065.0,Hindbrain,MY,MY,Glut,MB-HB,,Other,Other Cells,10.1711767976518,0,Glut-GABA,GG SAL,Slide2_GG,HB
c_2_283_790,476,219,mm,283,4431,Medulla,MY,-7.08,6.54,0.3,2_1,354.0,4.0,1065.0,Hindbrain,MY,MY,Oligodendrocyte, ,,,,8.89784545600551,0,Glut,GG SAL,Slide2_GG,HB
c_2_314_507,214,124,ms,314,4851,Medulla,MY,-7.23,4.91,0.3,2_1,354.0,4.0,1065.0,Hindbrain,MY,MY,Astrocyte, ,Astrocyte Arpp21-Drd1-Gnal MB-TH-HY,Astrocyte,Glial,7.74819284958946,1,Undefined,GG SAL,Slide2_GG,HB
c_2_298_389,673,277,mm,298,4937,Hypoglossal nucleus,XII,-7.21,5.91,0.3,2_1,773.0,6.0,1065.0,Hindbrain,MY,MY-mot,Oligodendrocyte, ,Oligodendrocyte Gpm6a-Cacna2d1-Fbxw7 BST-P,Oligodendrocyte,Glial,9.39660478118186,0,Undefined,GG SAL,Slide2_GG,HB
c_2_297_514,125,83,we,297,5173,Gigantocellular reticular nucleus,GRN,-6.62,6.06,0.3,2_1,1048.0,6.0,1065.0,Hindbrain,MY,MY-mot,Astrocyte-Oligodendrocyte, ,Syn2-Shc3-Mef2a HY-MB,Other,Other Cells,6.97727992349992,0,Undefined,GG SAL,Slide2_GG,HB
c_2_281_413,444,199,gj,281,5441,Magnocellular reticular nucleus,MARN,-5.14,6.65,0.3,2_1,307.0,6.0,1065.0,Hindbrain,MY,MY-mot,Oligodendrocyte, ,Oligodendrocyte Gpm6a-Cacna2d1-Fbxw7 BST-P,Oligodendrocyte,Glial,8.79766152585376,0,Glut,GG SAL,Slide2_GG,HB
c_2_282_56,192,132,mf,282,3433,Gigantocellular reticular nucleus,GRN,-5.96,5.65,0.3,2_1,1048.0,6.0,1065.0,Hindbrain,MY,MY-mot,Oligodendrocyte, ,Oligodendrocyte Ybx1-Mgll MB-P-STRv,Oligodendrocyte,Glial,7.59245703726808,0,Chol,GG SAL,Slide2_GG,HB
c_2_283_637,722,291,g,283,9160,Medulla,MY,-7.08,6.71,0.3,2_1,354.0,4.0,1065.0,Hindbrain,MY,MY,GABA-Neuropeptide,IB,GABA Tspan7-Chrm2-SIc8a1 HY-MB-STRv,GABA,Neuronal,9.49785183695112,0,GABA,GG SAL,Slide2_GG,HB
c_2_294_583,768,311,oq,294,5752,Superior central nucleus raphe,CS,-3.75,4.97,0.3,2_1,679.0,6.0,1065.0,Hindbrain,P,P-sat,Oligodendrocyte,MB,Oligodendrocyte Gpm6a-Cacna2d1-Fbxw7 BST-P,Oligodendrocyte,Glial,9.58683978796183,0,Undefined,GG SAL,Slide2_GG,HB
c_2_297_618,397,220,ti,297,6826,Nucleus prepositus,PRP,-5.65,5.04,0.3,2_1,169.0,7.0,1065.0,Hindbrain,MY,MY-mot,Undefined, ,Itm2a-SIc2a1-Cldn5 Isocortex-TH-MB,Other,Other Cells,8.63662462054365,0,Chol,GG SAL,Slide2_GG,HB
c_2_312_191,509,284,mk,312,9446,Pons,P,-4.87,4.57,0.3,2_1,771.0,4.0,1065.0,Hindbrain,P,P,Oligodendrocyte, ,,,,8.99435343685886,0,Undefined,GG SAL,Slide2_GG,HB
c_2_280_61,771,321,wk,280,6627,Pontine gray,PG,-3.66,6.37,0.3,2_1,931.0,6.0,1065.0,Hindbrain,P,P-mot,Glut-neuroendocrine-Neuropeptide,MB-IB,Glut Oprd1-Adam22-Sox6 TH-HY-MY,Glut,Neuronal,9.59245703726808,0,Glut-Sero-Hist,GG SAL,Slide2_GG,HB
c_2_297_209,149,107,mk,297,2449,Paragigantocellular reticular nucleus dorsal part,PGRNd,-6.01,5.3,0.3,2_1,970.0,7.0,1065.0,Hindbrain,MY,MY-mot,Oligodendrocyte, ,Oligodendrocyte Pak2-Vcan CTX,Oligodendrocyte,Glial,7.22881869049588,0,Undefined,GG SAL,Slide2_GG,HB
c_2_281_746,899,327,wc,281,7351,Pontine reticular nucleus caudal part,PRNc,-4.68,6.0,0.3,2_1,1093.0,6.0,1065.0,Hindbrain,P,P-mot,Undefined-Glut-Astrocyte-Ependymal,HB,Glut Oprd1-Adam22-Sox6 TH-HY-MY,Glut,Neuronal,9.81378119121704,0,Glut,GG SAL,Slide2_GG,HB
c_2_312_338,286,172,vw,312,4057,Pontine central gray,PCG,-5.35,4.38,0.3,2_1,898.0,6.0,1065.0,Hindbrain,P,P-mot,Astrocyte,IB,,,,8.16490692667569,0,GABA,GG SAL,Slide2_GG,HB
c_2_351_15,545,246,wh,351,6865,Superior colliculus motor related intermediate white layer,SCiw,-3.36,2.28,0.3,2_1,17.0,6.0,313.0,Midbrain,MBmot,SCm,Glut-neuroendocrine-Neuropeptide,IB,Glut Oprd1-Adam22-Sox6 TH-HY-MY,Glut,Neuronal,9.09275714091985,0,Glut,GG SAL,Slide2_GG,MB
c_2_338_162,105,78,ti,338,4341,Periaqueductal gray,PAG,-3.08,3.09,0.3,2_1,795.0,5.0,313.0,Midbrain,MBmot,PAG,Undefined, ,Oligodendrocyte Pak2-Vcan CTX,Oligodendrocyte,Glial,6.7279204545632,0,Undefined,GG SAL,Slide2_GG,MB
c_2_328_334,1140,346,ku,328,8759,Periaqueductal gray,PAG,-4.9,3.5,0.3,2_1,795.0,5.0,313.0,Midbrain,MBmot,PAG,Sero-Hist-neuroendocrine-Neuropeptide,HB,Glut Oprd1-Adam22-Sox6 TH-HY-MY,Glut,Neuronal,10.1560830762887,0,GABA-Sero-Hist,GG SAL,Slide2_GG,MB
c_2_279_602,638,233,wh,279,6333,Interpeduncular nucleus intermediate,IPI,-3.09,5.57,0.3,2_1,607344850.0,7.0,313.0,Midbrain,MBsta,RAmb,Glut-neuroendocrine-Neuropeptide,IB,,,,9.319672120947,0,Undefined,GG SAL,Slide2_GG,MB
c_2_326_336,525,242,ms,326,6550,Supraoculomotor periaqueductal gray,Su3,-3.96,3.59,0.3,2_1,614454277.0,6.0,313.0,Midbrain,MBmot,PAG,Astrocyte, ,,,,9.0389189892923,0,Glut,GG SAL,Slide2_GG,MB
c_2_353_393,124,84,wk,353,3421,Inferior colliculus dorsal nucleus,ICd,-5.1,1.86,0.3,2_1,820.0,6.0,313.0,Midbrain,MBsen,IC,Glut-neuroendocrine-Neuropeptide,MB-IB,Dclk1-Htt IB HY-STR-SC,Other,Other Cells,6.96578428466209,0,Undefined,GG SAL,Slide2_GG,MB
c_2_327_373,222,137,or,327,4642,Periaqueductal gray,PAG,-4.59,3.62,0.3,2_1,795.0,5.0,313.0,Midbrain,MBmot,PAG,Astrocyte-Neuropeptide,MB,Endothelial H6pd-Vegfa-Grk3 CTX-TH-MB-P,Endothelial,Other Cells,7.8008998999203,0,Undefined,GG SAL,Slide2_GG,MB
c_2_309_55,302,149,ms,309,3187,Midbrain,MB,-2.68,4.19,0.3,2_1,313.0,3.0,313.0,Midbrain,MB,MB,Astrocyte, ,Astrocyte Arpp21-Drd1-Gnal MB-TH-HY,Astrocyte,Glial,8.24317398347295,0,Undefined,GG SAL,Slide2_GG,MB
c_2_310_790,345,181,lr,310,4709,Midbrain,MB,-3.51,4.64,0.3,2_1,313.0,3.0,313.0,Midbrain,MB,MB,Oligodendrocyte, ,,,,8.43462822763673,0,Glut,GG SAL,Slide2_GG,MB
c_2_352_201,332,180,wh,352,6467,Periaqueductal gray,PAG,-4.35,2.22,0.3,2_1,795.0,5.0,313.0,Midbrain,MBmot,PAG,Glut-neuroendocrine-Neuropeptide,IB,,,,8.37937836707126,0,Glut,GG SAL,Slide2_GG,MB
c_2_339_249,213,136,mk,339,3765,Periaqueductal gray,PAG,-3.69,2.89,0.3,2_1,795.0,5.0,313.0,Midbrain,MBmot,PAG,Oligodendrocyte, ,Oligodendrocyte Pak2-Vcan CTX,Oligodendrocyte,Glial,7.74146698640115,0,Undefined,GG SAL,Slide2_GG,MB
c_2_363_250,515,217,gj,363,7382,Inferior colliculus dorsal nucleus,ICd,-5.34,1.29,0.3,2_1,820.0,6.0,313.0,Midbrain,MBsen,IC,Oligodendrocyte, ,Oligodendrocyte Gpm6a-Cacna2d1-Fbxw7 BST-P,Oligodendrocyte,Glial,9.01122725542325,0,Chol,GG SAL,Slide2_GG,MB
c_2_324_390,181,93,ms,324,5042,Precommissural nucleus,PRC,-2.07,3.46,0.3,2_1,50.0,6.0,313.0,Midbrain,MBmot,PAG,Astrocyte, ,,,,7.5077946401987,0,Undefined,GG SAL,Slide2_GG,MB
c_2_309_96,98,72,ms,309,7085,Interstitial nucleus of Cajal,INC,-2.76,4.04,0.3,2_1,67.0,6.0,313.0,Midbrain,MBmot,PAG,Astrocyte, ,,,,6.62935662007961,0,Chol,GG SAL,Slide2_GG,MB
c_2_293_148,467,231,ms,293,5253,Midbrain,MB,-2.74,5.18,0.3,2_1,313.0,3.0,313.0,Midbrain,MB,MB,Astrocyte, ,Astrocyte Chrm1-Kcnq5-Ranbp2 MB-IB-HB,Astrocyte,Glial,8.8703647195834,0,Glut,GG SAL,Slide2_GG,MB
c_2_293_513,144,109,gb,293,2661,Interpeduncular nucleus dorsolateral,IPDL,-3.32,5.32,0.3,2_1,607344858.0,7.0,313.0,Midbrain,MBsta,RAmb,endothelial, ,Endothelial H6pd-Vegfa-Grk3 CTX-TH-MB-P,Endothelial,Other Cells,7.17990909001493,0,Glut,GG SAL,Slide2_GG,MB
c_2_328_237,809,298,bm,328,7883,Periaqueductal gray,PAG,-4.88,3.59,0.3,2_1,795.0,5.0,313.0,Midbrain,MBmot,PAG,GABA-neuroendocrine,MB,GABA-Astrocyte Pde10a-Ppp1r1b-Drd1 MSC-HY-MB-P,GABA-Astrocyte,Neuronal,9.66177809777199,0,GABA,GG SAL,Slide2_GG,MB
c_2_289_27,188,124,gb,289,5099,Midbrain,MB,-3.35,5.16,0.3,2_1,313.0,3.0,313.0,Midbrain,MB,MB,endothelial, ,,,,7.56224242422107,0,Undefined,GG SAL,Slide2_GG,MB
c_2_351_784,109,77,lt,351,4894,Periaqueductal gray,PAG,-4.7,2.3,0.3,2_1,795.0,5.0,313.0,Midbrain,MBmot,PAG,Glut-neuroendocrine-Neuropeptide,MB,Dclk1-Htt IB HY-STR-SC,Other,Other Cells,6.78135971352466,0,Undefined,GG SAL,Slide2_GG,MB
c_2_311_564,679,266,hp,311,5641,Midbrain reticular nucleus,MRN,-4.09,4.2,0.3,2_1,128.0,5.0,313.0,Midbrain,MBmot,MRN,Astrocyte-Oligodendrocyte-Ependymal,HB,,Other,Other Cells,9.4093909361377,0,Glut,GG SAL,Slide2_GG,MB
c_3_112_652,537,277,wm,112,6539,Cerebellum,CB,-5.52,1.88,0.36,3_3,512.0,2.0,512.0,Cerebellum,CB,CB,GABA,MB,Glut Nfasc-Olig1-Mag BST-HY-SC,Glut,Neuronal,9.07146236255662,0,Undefined,GG MOR,Slide3_GG,CB
c_3_112_138,104,79,g,112,4255,Cerebellum,CB,-5.33,2.29,0.36,3_3,512.0,2.0,512.0,Cerebellum,CB,CB,GABA-Neuropeptide,IB,Dclk1-Htt IB HY-STR-SC,Other,Other Cells,6.71424551766612,0,Undefined,GG MOR,Slide3_GG,CB
c_3_112_377,207,146,nl,112,6878,Cerebellum,CB,-5.46,2.01,0.36,3_3,512.0,2.0,512.0,Cerebellum,CB,CB,Undefined, ,,,,7.70043971814109,0,Glut-Nora-Hist,GG MOR,Slide3_GG,CB
c_3_111_489,97,71,gb,111,3675,Cerebellum,CB,-5.42,2.09,0.36,3_3,512.0,2.0,512.0,Cerebellum,CB,CB,endothelial, ,,,,6.61470984411521,1,Undefined,GG MOR,Slide3_GG,CB
c_3_112_422,824,346,wk,112,10516,Cerebellum,CB,-5.45,2.02,0.36,3_3,512.0,2.0,512.0,Cerebellum,CB,CB,Glut-neuroendocrine-Neuropeptide,MB-IB,Glut-Astrocyte Ndrg2-Adgrg1-Vegfa IC-SCs-LH,Glut-Astrocyte,Neuronal,9.68825030913318,0,Glut,GG MOR,Slide3_GG,CB
c_3_112_198,164,116,gb,112,5676,Cerebellum,CB,-5.36,2.23,0.36,3_3,512.0,2.0,512.0,Cerebellum,CB,CB,endothelial, ,Endothelial H6pd-Vegfa-Grk3 CTX-TH-MB-P,Endothelial,Other Cells,7.36632221424582,0,Undefined,GG MOR,Slide3_GG,CB
c_3_112_659,577,265,xc,112,5809,Cerebellum,CB,-5.53,1.86,0.36,3_3,512.0,2.0,512.0,Cerebellum,CB,CB,Astrocyte, ,,,,9.17492568250068,0,Undefined,GG MOR,Slide3_GG,CB
c_3_112_625,678,320,wk,112,5799,Cerebellum,CB,-5.5,1.9,0.36,3_3,512.0,2.0,512.0,Cerebellum,CB,CB,Glut-neuroendocrine-Neuropeptide,MB-IB,Glut Nfasc-Olig1-Mag BST-HY-SC,Glut,Neuronal,9.40726776424473,0,Glut,GG MOR,Slide3_GG,CB
c_3_112_253,196,130,ph,112,8780,Cerebellum,CB,-5.4,2.14,0.36,3_3,512.0,2.0,512.0,Cerebellum,CB,CB,Undefined-GABA-neuroendocrine-Neuropeptide,IB,Dclk1-Htt IB HY-STR-SC,Other,Other Cells,7.62205181945638,0,Undefined,GG MOR,Slide3_GG,CB
c_3_112_472,993,404,wk,112,8190,Cerebellum,CB,-5.46,2.0,0.36,3_3,512.0,2.0,512.0,Cerebellum,CB,CB,Glut-neuroendocrine-Neuropeptide,MB-IB,Glut Oprd1-Adam22-Sox6 TH-HY-MY,Glut,Neuronal,9.95710204156229,0,Glut-Chol,GG MOR,Slide3_GG,CB
c_3_112_717,876,353,lt,112,6446,Cerebellum,CB,-5.56,1.82,0.36,3_3,512.0,2.0,512.0,Cerebellum,CB,CB,Glut-neuroendocrine-Neuropeptide,MB,Glut-Astrocyte Ndrg2-Adgrg1-Vegfa IC-SCs-LH,Glut-Astrocyte,Neuronal,9.77643303244473,0,Glut,GG MOR,Slide3_GG,CB
c_3_81_262,501,238,xe,81,6922,Laterodorsal tegmental nucleus,LDT,-4.72,3.56,0.36,3_3,162.0,6.0,1065.0,Hindbrain,P,P-sat,GABA-neuroendocrine-Neuropeptide,MB,,,,8.97154355395077,0,GABA,GG MOR,Slide3_GG,HB
c_3_23_157,489,256,ta,23,10761,Gigantocellular reticular nucleus,GRN,-5.64,6.31,0.36,3_3,1048.0,6.0,1065.0,Hindbrain,MY,MY-mot,GABA,MB,GABA Glul-Itch-Agt HY-STRv-MB,GABA,Neuronal,8.93663793900257,0,GABA-Hist,GG MOR,Slide3_GG,HB
c_3_36_125,211,125,lr,36,4800,Tegmental reticular nucleus,TRN,-4.13,5.81,0.36,3_3,574.0,6.0,1065.0,Hindbrain,P,P-mot,Oligodendrocyte, ,Oligodendrocyte Brwd1-Rpia-Ada P,Oligodendrocyte,Glial,7.7279204545632,0,Chol,GG MOR,Slide3_GG,HB
c_3_36_501,141,75,mm,36,5349,Superior central nucleus raphe,CS,-4.08,5.2,0.36,3_3,679.0,6.0,1065.0,Hindbrain,P,P-sat,Oligodendrocyte, ,Oligodendrocyte Ybx1-Mgll MB-P-STRv,Oligodendrocyte,Glial,7.14974711950468,1,Undefined,GG MOR,Slide3_GG,HB
c_3_22_293,432,242,zo,22,8941,Pontine reticular nucleus caudal part,PRNc,-4.93,5.97,0.36,3_3,1093.0,6.0,1065.0,Hindbrain,P,P-mot,endothelial, ,,,,8.75822321472672,0,Glut-Nora-Hist,GG MOR,Slide3_GG,HB
c_3_35_223,1113,354,qq,35,10282,Tegmental reticular nucleus,TRN,-3.66,5.76,0.36,3_3,574.0,6.0,1065.0,Hindbrain,P,P-mot,Hist-Dopa-neuroendocrine-Neuropeptide,MB,,,,10.12153351734,1,GABA-Dopa-Hist,GG MOR,Slide3_GG,HB
c_3_67_291,359,198,lr,67,4209,Dorsal tegmental nucleus,DTN,-5.06,4.22,0.36,3_3,880.0,6.0,1065.0,Hindbrain,P,P-mot,Oligodendrocyte, ,,,,8.49185309632967,0,Undefined,GG MOR,Slide3_GG,HB
c_3_22_487,605,304,ms,22,9633,Pons,P,-4.48,5.87,0.36,3_3,771.0,4.0,1065.0,Hindbrain,P,P,Astrocyte, ,,,,9.24317398347295,0,Glut,GG MOR,Slide3_GG,HB
c_3_67_226,316,145,mm,67,3892,Dorsal tegmental nucleus,DTN,-4.95,4.27,0.36,3_3,880.0,6.0,1065.0,Hindbrain,P,P-mot,Oligodendrocyte, ,,,,8.30833903013941,0,Undefined,GG MOR,Slide3_GG,HB
c_3_35_310,1355,470,qq,35,9497,Superior central nucleus raphe,CS,-3.71,5.4,0.36,3_3,679.0,6.0,1065.0,Hindbrain,P,P-sat,Hist-Dopa-neuroendocrine-Neuropeptide,MB,,,,10.4051414631363,1,GABA-Dopa-Hist,GG MOR,Slide3_GG,HB
c_3_54_183,998,350,qj,54,11034,Nucleus prepositus,PRP,-5.8,5.01,0.36,3_3,169.0,7.0,1065.0,Hindbrain,MY,MY-mot, -Oligodendrocyte,MB,,,,9.96434086779242,1,Glut,GG MOR,Slide3_GG,HB
c_3_36_509,365,163,yn,36,4828,Superior central nucleus raphe,CS,-3.94,5.3,0.36,3_3,679.0,6.0,1065.0,Hindbrain,P,P-sat,Oligodendrocyte,CTX,Oligodendrocyte Gpm6a-Cacna2d1-Fbxw7 BST-P,Oligodendrocyte,Glial,8.51569983828404,0,Undefined,GG MOR,Slide3_GG,HB
c_3_51_111,312,164,lr,51,4125,Superior central nucleus raphe,CS,-4.14,5.04,0.36,3_3,679.0,6.0,1065.0,Hindbrain,P,P-sat,Oligodendrocyte, ,,,,8.29001884693262,1,Undefined,GG MOR,Slide3_GG,HB
c_3_22_316,550,236,lr,22,5886,Pontine reticular nucleus caudal part,PRNc,-4.57,6.05,0.36,3_3,1093.0,6.0,1065.0,Hindbrain,P,P-mot,Oligodendrocyte, ,Oligodendrocyte Gpm6a-Cacna2d1-Fbxw7 BST-P,Oligodendrocyte,Glial,9.10590850857116,0,Undefined,GG MOR,Slide3_GG,HB
c_3_22_46,134,106,gb,22,4300,Gigantocellular reticular nucleus,GRN,-5.39,6.53,0.36,3_3,1048.0,6.0,1065.0,Hindbrain,MY,MY-mot,endothelial, ,,,,7.07681559705083,0,Undefined,GG MOR,Slide3_GG,HB
c_3_81_221,179,129,xc,81,4114,Laterodorsal tegmental nucleus,LDT,-4.95,3.68,0.36,3_3,162.0,6.0,1065.0,Hindbrain,P,P-sat,Astrocyte, ,,,,7.49185309632967,0,Undefined,GG MOR,Slide3_GG,HB
c_3_37_215,231,139,mm,37,3331,Pontine reticular nucleus caudal part,PRNc,-4.97,5.59,0.36,3_3,1093.0,6.0,1065.0,Hindbrain,P,P-mot,Oligodendrocyte, ,Oligodendrocyte Brwd1-Rpia-Ada P,Oligodendrocyte,Glial,7.85798099512757,0,Undefined,GG MOR,Slide3_GG,HB
c_3_22_357,607,244,lr,22,5253,Pontine reticular nucleus caudal part,PRNc,-4.57,6.02,0.36,3_3,1093.0,6.0,1065.0,Hindbrain,P,P-mot,Oligodendrocyte, ,Oligodendrocyte Dock3-Syn3-Kcnq5 STR-MB-P,Oligodendrocyte,Glial,9.24792751344359,0,Undefined,GG MOR,Slide3_GG,HB
c_3_53_354,282,165,if,53,11707,Pontine central gray,PCG,-5.52,4.76,0.36,3_3,898.0,6.0,1065.0,Hindbrain,P,P-mot,Microglia,CTX,,,,8.14465824283188,0,Hist,GG MOR,Slide3_GG,HB
c_3_22_156,443,220,qj,22,4007,Pontine reticular nucleus caudal part,PRNc,-4.8,6.27,0.36,3_3,1093.0,6.0,1065.0,Hindbrain,P,P-mot, -Oligodendrocyte,MB,GABA Glul-Itch-Agt HY-STRv-MB,GABA,Neuronal,8.79441586635011,0,GABA-Hist,GG MOR,Slide3_GG,HB
c_3_121_157,217,135,qj,121,4234,Superior colliculus motor related intermediate white layer,SCiw,-4.21,1.76,0.36,3_3,17.0,6.0,313.0,Midbrain,MBmot,SCm, -Oligodendrocyte,MB,Oligodendrocyte Ybx1-Mgll MB-P-STRv,Oligodendrocyte,Glial,7.76818432477693,0,Undefined,GG MOR,Slide3_GG,MB
c_3_109_80,354,199,g,109,7798,Superior colliculus motor related deep gray layer,SCdg,-3.55,2.35,0.36,3_3,26.0,6.0,313.0,Midbrain,MBmot,SCm,GABA-Neuropeptide,IB,,,,8.47167521439204,0,GABA,GG MOR,Slide3_GG,MB
c_3_34_51,564,279,ta,34,3879,Midbrain,MB,-2.87,5.33,0.36,3_3,313.0,3.0,313.0,Midbrain,MB,MB,GABA,MB,Glut Nfasc-Olig1-Mag BST-HY-SC,Glut,Neuronal,9.14210705730255,0,Undefined,GG MOR,Slide3_GG,MB
c_3_64_666,481,222,mm,64,4054,Interstitial nucleus of Cajal,INC,-3.01,3.88,0.36,3_3,67.0,6.0,313.0,Midbrain,MBmot,PAG,Oligodendrocyte, ,Oligodendrocyte Gpm6a-Cacna2d1-Fbxw7 BST-P,Oligodendrocyte,Glial,8.91288933622996,0,Undefined,GG MOR,Slide3_GG,MB
c_3_80_121,539,209,lr,80,4790,Periaqueductal gray,PAG,-4.34,3.7,0.36,3_3,795.0,5.0,313.0,Midbrain,MBmot,PAG,Oligodendrocyte, ,Oligodendrocyte Ip6k2-Atrn-Bcl2l1 P-MY,Oligodendrocyte,Glial,9.07681559705083,1,Undefined,GG MOR,Slide3_GG,MB
c_3_121_45,207,121,ta,121,4406,Superior colliculus superficial gray layer,SCsg,-3.93,1.31,0.36,3_3,842.0,6.0,313.0,Midbrain,MBsen,SCs,GABA,MB,Dclk1-Htt IB HY-STR-SC,Other,Other Cells,7.70043971814109,0,Undefined,GG MOR,Slide3_GG,MB
c_3_64_617,954,377,wk,64,5610,Interstitial nucleus of Cajal,INC,-2.9,3.92,0.36,3_3,67.0,6.0,313.0,Midbrain,MBmot,PAG,Glut-neuroendocrine-Neuropeptide,MB-IB,Glut Oprd1-Adam22-Sox6 TH-HY-MY,Glut,Neuronal,9.89935692292311,0,Glut-Chol,GG MOR,Slide3_GG,MB
c_3_111_26,269,175,wk,111,7497,Periaqueductal gray,PAG,-4.67,2.2,0.36,3_3,795.0,5.0,313.0,Midbrain,MBmot,PAG,Glut-neuroendocrine-Neuropeptide,MB-IB,Rbp4-Cnr1-Crebbp CTX-HY-MD,Other,Other Cells,8.07681559705083,0,Undefined,GG MOR,Slide3_GG,MB
c_3_96_98,709,300,xe,96,7860,Periaqueductal gray,PAG,-4.14,3.07,0.36,3_3,795.0,5.0,313.0,Midbrain,MBmot,PAG,GABA-neuroendocrine-Neuropeptide,MB,Glut Oprd1-Adam22-Sox6 TH-HY-MY,Glut,Neuronal,9.47167521439204,0,Glut,GG MOR,Slide3_GG,MB
c_3_109_302,181,110,ti,109,5203,Superior colliculus motor related intermediate white layer,SCiw,-3.64,2.04,0.36,3_3,17.0,6.0,313.0,Midbrain,MBmot,SCm,Undefined, ,Rgs6-Gabbr2-Cacna1e TH-HPF,Other,Other Cells,7.5077946401987,0,Glut,GG MOR,Slide3_GG,MB
c_3_120_541,607,290,wm,120,5238,Superior colliculus superficial gray layer,SCsg,-3.58,1.35,0.36,3_3,842.0,6.0,313.0,Midbrain,MBsen,SCs,GABA,MB,Glut Nfasc-Olig1-Mag BST-HY-SC,Glut,Neuronal,9.24792751344359,0,GABA,GG MOR,Slide3_GG,MB
c_3_97_182,289,195,fu,97,5156,Periaqueductal gray,PAG,-4.7,2.87,0.36,3_3,795.0,5.0,313.0,Midbrain,MBmot,PAG,Microglia,CTX,,,,8.17990909001493,0,Glut-GABA-Hist,GG MOR,Slide3_GG,MB
c_3_65_558,500,239,ta,65,3188,Midbrain reticular nucleus,MRN,-3.51,3.86,0.36,3_3,128.0,5.0,313.0,Midbrain,MBmot,MRN,GABA,MB,Glut Nfasc-Olig1-Mag BST-HY-SC,Glut,Neuronal,8.96866679319521,0,GABA,GG MOR,Slide3_GG,MB
c_3_112_364,844,375,ph,112,8287,Inferior colliculus dorsal nucleus,ICd,-5.2,2.07,0.36,3_3,820.0,6.0,313.0,Midbrain,MBsen,IC,Undefined-GABA-neuroendocrine-Neuropeptide,IB,GABA Tspan7-Chrm2-SIc8a1 HY-MB-STRv,GABA,Neuronal,9.72280753116955,1,GABA,GG MOR,Slide3_GG,MB
c_3_52_478,858,371,wm,52,9133,Midbrain reticular nucleus,MRN,-4.76,4.61,0.36,3_3,128.0,5.0,313.0,Midbrain,MBmot,MRN,GABA,MB,GABA-Astrocyte Pde10a-Ppp1r1b-Drd1 MSC-HY-MB-P,GABA-Astrocyte,Neuronal,9.74651432113846,0,GABA,GG MOR,Slide3_GG,MB
c_3_93_73,430,240,ms,93,4995,Nucleus of the posterior commissure,NPC,-2.48,3.05,0.36,3_3,634.0,6.0,313.0,Midbrain,MBmot,PRT,Astrocyte, ,,,,8.7515440590891,0,Glut,GG MOR,Slide3_GG,MB
c_3_7_92,119,87,ph,7,7410,Midbrain reticular nucleus,MRN,-3.88,3.8,0.36,3_3,128.0,5.0,313.0,Midbrain,MBmot,MRN,Undefined-GABA-neuroendocrine-Neuropeptide,IB,Dclk1-Htt IB HY-STR-SC,Other,Other Cells,6.90689059560852,0,Undefined,GG MOR,Slide3_GG,MB
c_3_121_743,207,126,ta,121,3064,Superior colliculus superficial gray layer,SCsg,-4.32,1.13,0.36,3_3,842.0,6.0,313.0,Midbrain,MBsen,SCs,GABA,MB,Dclk1-Htt IB HY-STR-SC,Other,Other Cells,7.70043971814109,0,GABA-Chol,GG MOR,Slide3_GG,MB
c_3_77_41,1161,460,wk,77,11184,Midbrain,MB,-2.4,3.54,0.36,3_3,313.0,3.0,313.0,Midbrain,MB,MB,Glut-neuroendocrine-Neuropeptide,MB-IB,Glut Oprd1-Adam22-Sox6 TH-HY-MY,Glut,Neuronal,10.1823943534045,0,Chol,GG MOR,Slide3_GG,MB
c_3_52_438,241,152,dg,52,6939,Midbrain reticular nucleus,MRN,-4.71,4.61,0.36,3_3,128.0,5.0,313.0,Midbrain,MBmot,MRN,Microglia, ,Oligodendrocyte Ybx1-Mgll MB-P-STRv,Oligodendrocyte,Glial,7.91886323727459,0,Chol,GG MOR,Slide3_GG,MB
c_3_355_107,729,264,xe,355,10552,Cerebellum,CB,-5.39,2.15,0.36,3_1,512.0,2.0,512.0,Cerebellum,CB,CB,GABA-neuroendocrine-Neuropeptide,MB,Glut Oprd1-Adam22-Sox6 TH-HY-MY,Glut,Neuronal,9.51175265376738,0,Glut,GG SAL,Slide3_GG,CB
c_3_248_198,440,219,ms,248,4096,Cerebellum,CB,-5.53,1.53,0.36,3_2,512.0,2.0,512.0,Cerebellum,CB,CB,Astrocyte, ,Astrocyte Arpp21-Drd1-Gnal MB-TH-HY,Astrocyte,Glial,8.78463484555752,0,Undefined,GG SAL,Slide3_GG,CB
c_3_242_181,177,116,wk,242,2181,Cerebellum,CB,-5.28,2.35,0.36,3_2,512.0,2.0,512.0,Cerebellum,CB,CB,Glut-neuroendocrine-Neuropeptide,MB-IB,Dclk1-Htt IB HY-STR-SC,Other,Other Cells,7.4757334309664,0,Undefined,GG SAL,Slide3_GG,CB
c_3_242_207,102,74,mk,242,3311,Cerebellum,CB,-5.34,2.29,0.36,3_2,512.0,2.0,512.0,Cerebellum,CB,CB,Oligodendrocyte, ,Oligodendrocyte Pak2-Vcan CTX,Oligodendrocyte,Glial,6.68650052718322,0,Glut,GG SAL,Slide3_GG,CB
c_3_355_429,263,164,vw,355,6136,Cerebellum,CB,-5.53,1.86,0.36,3_1,512.0,2.0,512.0,Cerebellum,CB,CB,Astrocyte,IB,Rbp4-Cnr1-Crebbp CTX-HY-MD,Other,Other Cells,8.04439411935845,0,GABA-Hist,GG SAL,Slide3_GG,CB
c_3_355_160,480,222,xe,355,6120,Cerebellum,CB,-5.42,2.09,0.36,3_1,512.0,2.0,512.0,Cerebellum,CB,CB,GABA-neuroendocrine-Neuropeptide,MB,GABA Glul-Itch-Agt HY-STRv-MB,GABA,Neuronal,8.90989308377004,0,Glut,GG SAL,Slide3_GG,CB
c_3_355_378,384,195,ms,355,5632,Cerebellum,CB,-5.51,1.88,0.36,3_1,512.0,2.0,512.0,Cerebellum,CB,CB,Astrocyte, ,Astrocyte Arpp21-Drd1-Gnal MB-TH-HY,Astrocyte,Glial,8.58871463558226,0,Glut,GG SAL,Slide3_GG,CB
c_3_242_51,691,277,xe,242,8754,Cerebellum,CB,-5.41,2.12,0.36,3_2,512.0,2.0,512.0,Cerebellum,CB,CB,GABA-neuroendocrine-Neuropeptide,MB,Glut Oprd1-Adam22-Sox6 TH-HY-MY,Glut,Neuronal,9.43462822763673,0,Undefined,GG SAL,Slide3_GG,CB
c_3_248_583,93,72,xe,248,922,Cerebellum,CB,-5.48,1.32,0.36,3_2,512.0,2.0,512.0,Cerebellum,CB,CB,GABA-neuroendocrine-Neuropeptide,MB,Dclk1-Htt IB HY-STR-SC,Other,Other Cells,6.55458885167764,0,Glut,GG SAL,Slide3_GG,CB
c_3_248_52,410,219,wk,248,4637,Cerebellum,CB,-5.49,1.39,0.36,3_2,512.0,2.0,512.0,Cerebellum,CB,CB,Glut-neuroendocrine-Neuropeptide,MB-IB,GABA Glul-Itch-Agt HY-STRv-MB,GABA,Neuronal,8.68299458368168,0,Undefined,GG SAL,Slide3_GG,CB
c_3_242_56,485,246,ms,242,5739,Cerebellum,CB,-5.43,2.07,0.36,3_2,512.0,2.0,512.0,Cerebellum,CB,CB,Astrocyte, ,,,,8.92481250360578,0,Undefined,GG SAL,Slide3_GG,CB
c_3_248_161,364,169,lr,248,4018,Cerebellum,CB,-5.56,1.65,0.36,3_2,512.0,2.0,512.0,Cerebellum,CB,CB,Oligodendrocyte, ,,,,8.51175265376738,0,Glut-GABA,GG SAL,Slide3_GG,CB
c_3_242_200,215,131,ms,242,4421,Cerebellum,CB,-5.33,2.3,0.36,3_2,512.0,2.0,512.0,Cerebellum,CB,CB,Astrocyte, ,Astrocyte Higd1b-P2ry14-Axl TH-STRv-MB-P,Astrocyte,Glial,7.75488750216347,0,GABA,GG SAL,Slide3_GG,CB
c_3_248_283,453,229,wk,248,4304,Cerebellum,CB,-5.54,1.54,0.36,3_2,512.0,2.0,512.0,Cerebellum,CB,CB,Glut-neuroendocrine-Neuropeptide,MB-IB,Glut Nfasc-Olig1-Mag BST-HY-SC,Glut,Neuronal,8.82654848729091,0,Hist,GG SAL,Slide3_GG,CB
c_3_248_413,231,142,xe,248,3434,Cerebellum,CB,-5.51,1.47,0.36,3_2,512.0,2.0,512.0,Cerebellum,CB,CB,GABA-neuroendocrine-Neuropeptide,MB,Dclk1-Htt IB HY-STR-SC,Other,Other Cells,7.85798099512757,0,Undefined,GG SAL,Slide3_GG,CB
c_3_242_240,352,195,ms,242,4849,Cerebellum,CB,-5.36,2.23,0.36,3_2,512.0,2.0,512.0,Cerebellum,CB,CB,Astrocyte, ,Astrocyte Arpp21-Drd1-Gnal MB-TH-HY,Astrocyte,Glial,8.46352437327118,0,Undefined,GG SAL,Slide3_GG,CB
c_3_242_534,456,222,ms,242,5838,Cerebellum,CB,-5.42,2.09,0.36,3_2,512.0,2.0,512.0,Cerebellum,CB,CB,Astrocyte, ,,,,8.83605035505807,0,Undefined,GG SAL,Slide3_GG,CB
c_3_248_359,126,86,wk,248,2625,Cerebellum,CB,-5.49,1.36,0.36,3_2,512.0,2.0,512.0,Cerebellum,CB,CB,Glut-neuroendocrine-Neuropeptide,MB-IB,Dclk1-Htt IB HY-STR-SC,Other,Other Cells,6.98868468677217,0,Undefined,GG SAL,Slide3_GG,CB
c_3_248_431,339,193,lt,248,5491,Cerebellum,CB,-5.5,1.41,0.36,3_2,512.0,2.0,512.0,Cerebellum,CB,CB,Glut-neuroendocrine-Neuropeptide,MB,Glut Adgrg1-Gm2a Isocortex-MOB,Glut,Neuronal,8.4093909361377,0,Glut,GG SAL,Slide3_GG,CB
c_3_241_87,124,93,gb,241,4272,Cerebellum,CB,-5.35,2.27,0.36,3_2,512.0,2.0,512.0,Cerebellum,CB,CB,endothelial, ,Endothelial H6pd-Vegfa-Grk3 CTX-TH-MB-P,Endothelial,Other Cells,6.96578428466209,1,Undefined,GG SAL,Slide3_GG,CB
c_3_297_460,327,146,lr,297,4486,Pons,P,-4.42,5.16,0.36,3_1,771.0,4.0,1065.0,Hindbrain,P,P,Oligodendrocyte, ,,,,8.35755200461808,0,Undefined,GG SAL,Slide3_GG,HB
c_3_270_129,597,205,al,270,6586,Gigantocellular reticular nucleus,GRN,-5.31,6.3,0.36,3_1,1048.0,6.0,1065.0,Hindbrain,MY,MY-mot,Glut,HB,Glut Higd1b-Pdgfrb-Igfbp7 P,Glut,Neuronal,9.2240016741981,1,Glut,GG SAL,Slide3_GG,HB
c_3_315_49,348,205,we,315,3911,Medial vestibular nucleus,MV,-6.13,4.77,0.36,3_1,202.0,7.0,1065.0,Hindbrain,MY,MY-mot,Astrocyte-Oligodendrocyte, ,Endothelial H6pd-Vegfa-Grk3 CTX-TH-MB-P,Endothelial,Other Cells,8.44708322620965,0,Chol,GG SAL,Slide3_GG,HB
c_3_175_26,1203,370,ta,175,9053,Abducens nucleus,VI,-5.44,5.28,0.36,3_2,653.0,6.0,1065.0,Hindbrain,MY,MY-mot,GABA,MB,,Other,Other Cells,10.2336196767597,1,Glut,GG SAL,Slide3_GG,HB
c_3_299_222,540,242,mm,299,7530,Gigantocellular reticular nucleus,GRN,-6.33,5.86,0.36,3_1,1048.0,6.0,1065.0,Hindbrain,MY,MY-mot,Oligodendrocyte, ,Oligodendrocyte Gpm6a-Cacna2d1-Fbxw7 BST-P,Oligodendrocyte,Glial,9.07948478382682,0,GABA,GG SAL,Slide3_GG,HB
c_3_298_50,196,120,gb,298,3137,Posterodorsal tegmental nucleus,PDTg,-5.17,4.54,0.36,3_1,599626927.0,6.0,1065.0,Hindbrain,P,P-mot,endothelial, ,Endothelial H6pd-Vegfa-Grk3 CTX-TH-MB-P,Endothelial,Other Cells,7.62205181945638,0,Undefined,GG SAL,Slide3_GG,HB
c_3_284_12,164,89,xc,284,4013,Magnocellular reticular nucleus,MARN,-5.31,6.59,0.36,3_1,307.0,6.0,1065.0,Hindbrain,MY,MY-mot,Astrocyte, ,Astrocyte Higd1b-P2ry14-Axl TH-STRv-MB-P,Astrocyte,Glial,7.36632221424582,0,Undefined,GG SAL,Slide3_GG,HB
c_3_174_517,231,109,oq,174,4950,Superior central nucleus raphe,CS,-4.34,5.09,0.36,3_2,679.0,6.0,1065.0,Hindbrain,P,P-sat,Oligodendrocyte,MB,Oligodendrocyte Brwd1-Rpia-Ada P,Oligodendrocyte,Glial,7.85798099512757,0,Undefined,GG SAL,Slide3_GG,HB
c_3_297_307,555,214,lr,297,7497,Superior central nucleus raphe,CS,-4.1,5.25,0.36,3_1,679.0,6.0,1065.0,Hindbrain,P,P-sat,Oligodendrocyte, ,Oligodendrocyte Dock3-Syn3-Kcnq5 STR-MB-P,Oligodendrocyte,Glial,9.11894107272351,0,Undefined,GG SAL,Slide3_GG,HB
c_3_174_583,382,182,lr,174,3983,Pontine reticular nucleus caudal part,PRNc,-4.75,5.12,0.36,3_2,1093.0,6.0,1065.0,Hindbrain,P,P-mot,Oligodendrocyte, ,,,,8.58120058192496,0,Chol,GG SAL,Slide3_GG,HB
c_3_189_619,302,160,xe,189,3773,Pons,P,-5.57,4.87,0.36,3_2,771.0,4.0,1065.0,Hindbrain,P,P,GABA-neuroendocrine-Neuropeptide,MB,,,,8.24317398347295,0,GABA,GG SAL,Slide3_GG,HB
c_3_147_353,239,137,yo,147,4360,Pontine reticular nucleus caudal part,PRNc,-4.45,6.39,0.36,3_2,1093.0,6.0,1065.0,Hindbrain,P,P-mot,Undefined-Glut-Astrocyte-Oligodendrocyte-Ependymal,MB-HB,Oligodendrocyte Ybx1-Mgll MB-P-STRv,Oligodendrocyte,Glial,7.90689059560852,0,Glut,GG SAL,Slide3_GG,HB
c_3_297_447,165,109,ta,297,2380,Superior central nucleus raphe,CS,-4.17,5.17,0.36,3_1,679.0,6.0,1065.0,Hindbrain,P,P-sat,GABA,MB,Dclk1-Htt IB HY-STR-SC,Other,Other Cells,7.37503943134692,0,Undefined,GG SAL,Slide3_GG,HB
c_3_298_332,432,206,lr,298,4905,Pons,P,-5.61,4.76,0.36,3_1,771.0,4.0,1065.0,Hindbrain,P,P,Oligodendrocyte, ,Oligodendrocyte Gpm6a-Cacna2d1-Fbxw7 BST-P,Oligodendrocyte,Glial,8.75822321472672,0,Undefined,GG SAL,Slide3_GG,HB
c_3_298_401,219,111,mm,298,2867,Gigantocellular reticular nucleus,GRN,-6.3,5.93,0.36,3_1,1048.0,6.0,1065.0,Hindbrain,MY,MY-mot,Oligodendrocyte, ,Oligodendrocyte Brwd1-Rpia-Ada P,Oligodendrocyte,Glial,7.78135971352466,0,Undefined,GG SAL,Slide3_GG,HB
c_3_205_53,239,134,vw,205,6505,Pontine central gray,PCG,-5.14,3.94,0.36,3_2,898.0,6.0,1065.0,Hindbrain,P,P-mot,Astrocyte,IB,Syn2-Shc3-Mef2a HY-MB,Other,Other Cells,7.90689059560852,0,Glut-GABA,GG SAL,Slide3_GG,HB
c_3_298_19,396,176,lr,298,7272,Supragenual nucleus,SG,-5.37,4.88,0.36,3_1,318.0,6.0,1065.0,Hindbrain,P,P-mot,Oligodendrocyte, ,,,,8.63299519714296,0,Undefined,GG SAL,Slide3_GG,HB
c_3_297_51,384,200,xc,297,6761,Pontine reticular nucleus,PRNr,-4.56,5.16,0.36,3_1,146.0,6.0,1065.0,Hindbrain,P,P-sat,Astrocyte, ,Astrocyte Arpp21-Drd1-Gnal MB-TH-HY,Astrocyte,Glial,8.58871463558226,0,Undefined,GG SAL,Slide3_GG,HB
c_3_298_40,778,277,wh,298,7281,Posterodorsal tegmental nucleus,PDTg,-5.27,4.65,0.36,3_1,599626927.0,6.0,1065.0,Hindbrain,P,P-mot,Glut-neuroendocrine-Neuropeptide,IB,Glut Oprd1-Adam22-Sox6 TH-HY-MY,Glut,Neuronal,9.60547951806167,0,Glut,GG SAL,Slide3_GG,HB
c_3_299_594,329,194,gb,299,4557,Paragigantocellular reticular nucleus dorsal part,PGRNd,-6.09,5.38,0.36,3_1,970.0,7.0,1065.0,Hindbrain,MY,MY-mot,endothelial, ,Endothelial H6pd-Vegfa-Grk3 CTX-TH-MB-P,Endothelial,Other Cells,8.36632221424582,1,Glut,GG SAL,Slide3_GG,HB
c_3_340_516,460,210,wk,340,4660,Superior colliculus motor related deep gray layer,SCdg,-3.17,2.56,0.36,3_1,26.0,6.0,313.0,Midbrain,MBmot,SCm,Glut-neuroendocrine-Neuropeptide,MB-IB,GABA Glul-Itch-Agt HY-STRv-MB,GABA,Neuronal,8.84862294042934,0,Undefined,GG SAL,Slide3_GG,MB
c_3_326_502,513,259,ms,326,6007,Midbrain,MB,-2.87,3.34,0.36,3_1,313.0,3.0,313.0,Midbrain,MB,MB,Astrocyte, ,,,,9.00562454919388,0,Glut,GG SAL,Slide3_GG,MB
c_3_313_386,329,139,lr,313,3609,Midbrain reticular nucleus,MRN,-4.64,4.24,0.36,3_1,128.0,5.0,313.0,Midbrain,MBmot,MRN,Oligodendrocyte, ,,,,8.36632221424582,0,Undefined,GG SAL,Slide3_GG,MB
c_3_327_529,365,188,qj,327,4005,Periaqueductal gray,PAG,-3.04,3.15,0.36,3_1,795.0,5.0,313.0,Midbrain,MBmot,PAG, -Oligodendrocyte,MB,Oligodendrocyte Brwd1-Rpia-Ada P,Oligodendrocyte,Glial,8.51569983828404,0,Undefined,GG SAL,Slide3_GG,MB
c_3_326_885,144,92,vr,326,4002,Supraoculomotor periaqueductal gray,Su3,-3.88,3.48,0.36,3_1,614454277.0,6.0,313.0,Midbrain,MBmot,PAG,Glut-Oligodendrocyte,CTX,Oligodendrocyte Ybx1-Mgll MB-P-STRv,Oligodendrocyte,Glial,7.17990909001493,0,Undefined,GG SAL,Slide3_GG,MB
c_3_328_438,1002,342,wh,328,8909,Periaqueductal gray,PAG,-3.59,3.34,0.36,3_1,795.0,5.0,313.0,Midbrain,MBmot,PAG,Glut-neuroendocrine-Neuropeptide,IB,Glut Oprd1-Adam22-Sox6 TH-HY-MY,Glut,Neuronal,9.97010589061218,0,Glut-GABA-Hist,GG SAL,Slide3_GG,MB
c_3_229_448,343,193,uo,229,3728,Periaqueductal gray,PAG,-3.96,2.45,0.36,3_2,795.0,5.0,313.0,Midbrain,MBmot,PAG,Glut,CTX,Glut Nfasc-Olig1-Mag BST-HY-SC,Glut,Neuronal,8.4262647547021,1,Glut,GG SAL,Slide3_GG,MB
c_3_229_478,152,99,we,229,4598,Periaqueductal gray,PAG,-3.64,2.44,0.36,3_2,795.0,5.0,313.0,Midbrain,MBmot,PAG,Astrocyte-Oligodendrocyte, ,Syn2-Shc3-Mef2a HY-MB,Other,Other Cells,7.25738784269265,0,GABA,GG SAL,Slide3_GG,MB
c_3_189_161,767,305,ta,189,7756,Midbrain reticular nucleus,MRN,-4.63,4.65,0.36,3_2,128.0,5.0,313.0,Midbrain,MBmot,MRN,GABA,MB,GABA-Astrocyte Pde10a-Ppp1r1b-Drd1 MSC-HY-MB-P,GABA-Astrocyte,Neuronal,9.58496250072116,0,Glut-GABA,GG SAL,Slide3_GG,MB
c_3_339_473,448,216,ps,339,3991,Superior colliculus motor related intermediate white layer,SCiw,-2.91,2.62,0.36,3_1,17.0,6.0,313.0,Midbrain,MBmot,SCm,GABA-neuroendocrine-Neuropeptide,MB,Glut Nfasc-Olig1-Mag BST-HY-SC,Glut,Neuronal,8.81057163474115,0,Undefined,GG SAL,Slide3_GG,MB
c_3_353_366,200,123,gb,353,5005,Superior colliculus motor related intermediate white layer,SCiw,-4.33,1.88,0.36,3_1,17.0,6.0,313.0,Midbrain,MBmot,SCm,endothelial, ,Endothelial H6pd-Vegfa-Grk3 CTX-TH-MB-P,Endothelial,Other Cells,7.65105169117893,0,Undefined,GG SAL,Slide3_GG,MB
c_3_248_24,868,341,wk,248,7175,Inferior colliculus dorsal nucleus,ICd,-5.02,1.53,0.36,3_2,820.0,6.0,313.0,Midbrain,MBsen,IC,Glut-neuroendocrine-Neuropeptide,MB-IB,,Other,Other Cells,9.7632123668144,1,Chol,GG SAL,Slide3_GG,MB
c_3_216_62,439,216,xe,216,10501,Midbrain,MB,-2.93,2.99,0.36,3_2,313.0,3.0,313.0,Midbrain,MB,MB,GABA-neuroendocrine-Neuropeptide,MB,GABA Glul-Itch-Agt HY-STRv-MB,GABA,Neuronal,8.78135971352466,0,Undefined,GG SAL,Slide3_GG,MB
c_3_354_45,211,102,lr,354,3365,Superior colliculus motor related deep gray layer,SCdg,-4.71,1.91,0.36,3_1,26.0,6.0,313.0,Midbrain,MBmot,SCm,Oligodendrocyte, ,Oligodendrocyte Brwd1-Rpia-Ada P,Oligodendrocyte,Glial,7.7279204545632,0,Undefined,GG SAL,Slide3_GG,MB
c_3_203_259,773,334,qj,203,4352,Red nucleus,RN,-3.34,4.38,0.36,3_2,214.0,5.0,313.0,Midbrain,MBmot,RN, -Oligodendrocyte,MB,Glut Nfasc-Olig1-Mag BST-HY-SC,Glut,Neuronal,9.59618975614441,0,Glut,GG SAL,Slide3_GG,MB
c_3_186_45,285,144,ms,186,5820,Midbrain reticular nucleus,MRN,-2.89,4.39,0.36,3_2,128.0,5.0,313.0,Midbrain,MBmot,MRN,Astrocyte, ,Astrocyte Arpp21-Drd1-Gnal MB-TH-HY,Astrocyte,Glial,8.15987133677839,0,Undefined,GG SAL,Slide3_GG,MB
c_3_341_902,537,249,wk,341,4190,Periaqueductal gray,PAG,-3.88,2.34,0.36,3_1,795.0,5.0,313.0,Midbrain,MBmot,PAG,Glut-neuroendocrine-Neuropeptide,MB-IB,Glut Nfasc-Olig1-Mag BST-HY-SC,Glut,Neuronal,9.07146236255662,0,Glut,GG SAL,Slide3_GG,MB
c_3_310_473,658,280,ms,310,7591,Midbrain reticular nucleus,MRN,-2.72,3.95,0.36,3_1,128.0,5.0,313.0,Midbrain,MBmot,MRN,Astrocyte, ,,,,9.36413465500805,0,Glut,GG SAL,Slide3_GG,MB
c_3_240_524,155,101,we,240,4707,Superior colliculus motor related intermediate white layer,SCiw,-3.56,2.16,0.36,3_2,17.0,6.0,313.0,Midbrain,MBmot,SCm,Astrocyte-Oligodendrocyte, ,Rbp4-Cnr1-Crebbp CTX-HY-MD,Other,Other Cells,7.28540221886225,0,Undefined,GG SAL,Slide3_GG,MB
c_3_354_193,475,200,lr,354,5010,Periaqueductal gray,PAG,-4.8,2.17,0.36,3_1,795.0,5.0,313.0,Midbrain,MBmot,PAG,Oligodendrocyte, ,Oligodendrocyte Gpm6a-Cacna2d1-Fbxw7 BST-P,Oligodendrocyte,Glial,8.89481776330794,0,Undefined,GG SAL,Slide3_GG,MB
c_4_111_602,337,194,an,111,4990,Cerebellum,CB,-5.47,1.31,0.36,4_6,512.0,2.0,512.0,Cerebellum,CB,CB,Glut,CTX,Rbp4-Cnr1-Crebbp CTX-HY-MD,Other,Other Cells,8.40087943628218,0,Glut,AA MOR,Slide4_AA,CB
c_4_111_573,132,98,ti,111,2916,Cerebellum,CB,-5.48,1.34,0.36,4_6,512.0,2.0,512.0,Cerebellum,CB,CB,Undefined, ,Rgs6-Gabbr2-Cacna1e TH-HPF,Other,Other Cells,7.05528243550119,0,Undefined,AA MOR,Slide4_AA,CB
c_4_111_517,204,130,xe,111,4743,Cerebellum,CB,-5.49,1.37,0.36,4_6,512.0,2.0,512.0,Cerebellum,CB,CB,GABA-neuroendocrine-Neuropeptide,MB,Dclk1-Htt IB HY-STR-SC,Other,Other Cells,7.67948009950545,0,Undefined,AA MOR,Slide4_AA,CB
c_4_111_449,357,221,mk,111,4332,Cerebellum,CB,-5.49,1.39,0.36,4_6,512.0,2.0,512.0,Cerebellum,CB,CB,Oligodendrocyte, ,,,,8.48381577726426,0,Undefined,AA MOR,Slide4_AA,CB
c_4_111_628,795,342,wm,111,8249,Cerebellum,CB,-5.46,1.29,0.36,4_6,512.0,2.0,512.0,Cerebellum,CB,CB,GABA,MB,Glut Nfasc-Olig1-Mag BST-HY-SC,Glut,Neuronal,9.63662462054365,0,Undefined,AA MOR,Slide4_AA,CB
c_4_111_589,417,231,wm,111,5204,Cerebellum,CB,-5.47,1.32,0.36,4_6,512.0,2.0,512.0,Cerebellum,CB,CB,GABA,MB,Glut Nfasc-Olig1-Mag BST-HY-SC,Glut,Neuronal,8.70735913208088,0,Glut,AA MOR,Slide4_AA,CB
c_4_111_744,419,230,wm,111,5167,Cerebellum,CB,-5.41,1.21,0.36,4_6,512.0,2.0,512.0,Cerebellum,CB,CB,GABA,MB,Glut Nfasc-Olig1-Mag BST-HY-SC,Glut,Neuronal,8.71424551766612,0,Glut,AA MOR,Slide4_AA,CB
c_4_111_655,542,259,wm,111,6654,Cerebellum,CB,-5.45,1.27,0.36,4_6,512.0,2.0,512.0,Cerebellum,CB,CB,GABA,MB,Glut Nfasc-Olig1-Mag BST-HY-SC,Glut,Neuronal,9.08480838780436,0,Undefined,AA MOR,Slide4_AA,CB
c_4_28_344,128,85,gb,28,3329,Pontine reticular nucleus caudal part,PRNc,-4.62,5.83,0.36,4_6,1093.0,6.0,1065.0,Hindbrain,P,P-mot,endothelial, ,Akt3-Skil-Dock3,Other,Other Cells,7.01122725542325,0,Undefined,AA MOR,Slide4_AA,HB
c_4_27_80,116,83,sr,27,3837,Pontine reticular nucleus caudal part,PRNc,-4.56,5.95,0.36,4_6,1093.0,6.0,1065.0,Hindbrain,P,P-mot,Astrocyte, ,Rgs6-Gabbr2-Cacna1e TH-HPF,Other,Other Cells,6.8703647195834,0,Glut,AA MOR,Slide4_AA,HB
c_4_45_171,741,316,qj,45,7489,Gigantocellular reticular nucleus,GRN,-5.94,5.73,0.36,4_6,1048.0,6.0,1065.0,Hindbrain,MY,MY-mot, -Oligodendrocyte,MB,Glut Nfasc-Olig1-Mag BST-HY-SC,Glut,Neuronal,9.5352753766208,0,Glut,AA MOR,Slide4_AA,HB
c_4_44_321,745,333,lr,44,15140,Pontine reticular nucleus caudal part,PRNc,-4.71,5.92,0.36,4_6,1093.0,6.0,1065.0,Hindbrain,P,P-mot,Oligodendrocyte, ,Oligodendrocyte Gpm6a-Cacna2d1-Fbxw7 BST-P,Oligodendrocyte,Glial,9.54303182025524,0,GABA,AA MOR,Slide4_AA,HB
c_4_60_308,153,94,xc,60,5321,Pons,P,-5.19,5.01,0.36,4_6,771.0,4.0,1065.0,Hindbrain,P,P,Astrocyte, ,Astrocyte Higd1b-P2ry14-Axl TH-STRv-MB-P,Astrocyte,Glial,7.2667865406949,0,Undefined,AA MOR,Slide4_AA,HB
c_4_46_166,616,246,lr,46,7215,Gigantocellular reticular nucleus,GRN,-6.25,5.69,0.36,4_6,1048.0,6.0,1065.0,Hindbrain,MY,MY-mot,Oligodendrocyte, ,Oligodendrocyte Dock3-Syn3-Kcnq5 STR-MB-P,Oligodendrocyte,Glial,9.26912667914942,0,Glut,AA MOR,Slide4_AA,HB
c_4_28_641,142,86,we,28,7745,Pontine reticular nucleus,PRNr,-4.51,5.55,0.36,4_6,146.0,6.0,1065.0,Hindbrain,P,P-sat,Astrocyte-Oligodendrocyte, ,Astrocyte Higd1b-P2ry14-Axl TH-STRv-MB-P,Astrocyte,Glial,7.15987133677839,0,Undefined,AA MOR,Slide4_AA,HB
c_4_27_277,778,347,wm,27,6817,Tegmental reticular nucleus,TRN,-3.91,5.84,0.36,4_6,574.0,6.0,1065.0,Hindbrain,P,P-mot,GABA,MB,Glut Nfasc-Olig1-Mag BST-HY-SC,Glut,Neuronal,9.60547951806167,0,Glut-GABA-Chol,AA MOR,Slide4_AA,HB
c_4_13_164,352,180,ta,13,4760,Medulla,MY,-4.31,6.7,0.36,4_6,354.0,4.0,1065.0,Hindbrain,MY,MY,GABA,MB,Dclk1-Htt IB HY-STR-SC,Other,Other Cells,8.46352437327118,0,Glut,AA MOR,Slide4_AA,HB
c_4_75_209,949,335,ta,75,10687,Pontine reticular nucleus,PRNr,-4.54,5.15,0.36,4_6,146.0,6.0,1065.0,Hindbrain,P,P-sat,GABA,MB,,Other,Other Cells,9.89178370321831,1,GABA,AA MOR,Slide4_AA,HB
c_4_28_304,1030,421,wm,28,9624,Tegmental reticular nucleus,TRN,-4.26,5.85,0.36,4_6,574.0,6.0,1065.0,Hindbrain,P,P-mot,GABA,MB,GABA Tspan7-Chrm2-SIc8a1 HY-MB-STRv,GABA,Neuronal,10.0098286173681,0,GABA,AA MOR,Slide4_AA,HB
c_4_44_262,209,121,xe,44,3775,Pontine reticular nucleus caudal part,PRNc,-5.18,5.86,0.36,4_6,1093.0,6.0,1065.0,Hindbrain,P,P-mot,GABA-neuroendocrine-Neuropeptide,MB,Rbp4-Cnr1-Crebbp CTX-HY-MD,Other,Other Cells,7.71424551766612,0,Undefined,AA MOR,Slide4_AA,HB
c_4_27_65,121,81,gn,27,7919,Gigantocellular reticular nucleus,GRN,-5.54,6.44,0.36,4_6,1048.0,6.0,1065.0,Hindbrain,MY,MY-mot,Astrocyte, ,Astrocyte Higd1b-P2ry14-Axl TH-STRv-MB-P,Astrocyte,Glial,6.93073733756289,0,Undefined,AA MOR,Slide4_AA,HB
c_4_13_213,400,220,xc,13,6421,Medulla,MY,-4.23,6.63,0.36,4_6,354.0,4.0,1065.0,Hindbrain,MY,MY,Astrocyte, ,Astrocyte Arpp21-Drd1-Gnal MB-TH-HY,Astrocyte,Glial,8.64745842645492,0,Undefined,AA MOR,Slide4_AA,HB
c_4_60_501,1524,443,ta,60,13540,Nucleus incertus,NI,-5.09,4.84,0.36,4_6,604.0,6.0,1065.0,Hindbrain,P,P-sat,GABA,MB,,Other,Other Cells,10.5745935273376,0,Glut-GABA-Hist,AA MOR,Slide4_AA,HB
c_4_28_643,281,142,lr,28,4082,Pontine reticular nucleus,PRNr,-4.22,5.55,0.36,4_6,146.0,6.0,1065.0,Hindbrain,P,P-sat,Oligodendrocyte, ,,,,8.13955135239879,0,Undefined,AA MOR,Slide4_AA,HB
c_4_28_589,611,312,xe,28,13953,Pontine reticular nucleus,PRNr,-4.14,5.63,0.36,4_6,146.0,6.0,1065.0,Hindbrain,P,P-sat,GABA-neuroendocrine-Neuropeptide,MB,Glut Nfasc-Olig1-Mag BST-HY-SC,Glut,Neuronal,9.25738784269265,0,Glut,AA MOR,Slide4_AA,HB
c_4_11_491,165,125,qj,11,7476,Pons,P,-3.24,6.4,0.36,4_6,771.0,4.0,1065.0,Hindbrain,P,P, -Oligodendrocyte,MB,Rbp4-Cnr1-Crebbp CTX-HY-MD,Other,Other Cells,7.37503943134692,0,Undefined,AA MOR,Slide4_AA,HB
c_4_75_222,531,271,xe,75,9130,Pons,P,-4.39,5.15,0.36,4_6,771.0,4.0,1065.0,Hindbrain,P,P,GABA-neuroendocrine-Neuropeptide,MB,GABA Glul-Itch-Agt HY-STRv-MB,GABA,Neuronal,9.05528243550119,0,GABA,AA MOR,Slide4_AA,HB
c_4_13_382,123,86,lr,13,2602,Pontine reticular nucleus caudal part,PRNc,-4.34,6.45,0.36,4_6,1093.0,6.0,1065.0,Hindbrain,P,P-mot,Oligodendrocyte, ,Oligodendrocyte Ybx1-Mgll MB-P-STRv,Oligodendrocyte,Glial,6.95419631038687,0,Chol,AA MOR,Slide4_AA,HB
c_4_86_509,986,381,wm,86,7815,Midbrain,MB,-2.51,3.32,0.36,4_6,313.0,3.0,313.0,Midbrain,MB,MB,GABA,MB,Glut Oprd1-Adam22-Sox6 TH-HY-MY,Glut,Neuronal,9.9469062744564,0,Glut-GABA-Hist,AA MOR,Slide4_AA,MB
c_4_87_260,500,255,xc,87,4797,Superior colliculus motor related deep white layer,SCdw,-3.02,2.86,0.36,4_6,42.0,6.0,313.0,Midbrain,MBmot,SCm,Astrocyte, ,,,,8.96866679319521,0,GABA,AA MOR,Slide4_AA,MB
c_4_87_464,363,162,lr,87,4386,Periaqueductal gray,PAG,-3.29,3.05,0.36,4_6,795.0,5.0,313.0,Midbrain,MBmot,PAG,Oligodendrocyte, ,Oligodendrocyte Gpm6a-Cacna2d1-Fbxw7 BST-P,Oligodendrocyte,Glial,8.5077946401987,0,Glut,AA MOR,Slide4_AA,MB
c_4_57_215,689,308,wm,57,9999,Midbrain,MB,-2.39,4.62,0.36,4_6,313.0,3.0,313.0,Midbrain,MB,MB,GABA,MB,Glut Nfasc-Olig1-Mag BST-HY-SC,Glut,Neuronal,9.43045255166553,0,Glut,AA MOR,Slide4_AA,MB
c_4_86_575,637,299,wm,86,5242,Nucleus of the posterior commissure,NPC,-2.68,2.93,0.36,4_6,634.0,6.0,313.0,Midbrain,MBmot,PRT,GABA,MB,Glut Nfasc-Olig1-Mag BST-HY-SC,Glut,Neuronal,9.31741261376487,0,GABA,AA MOR,Slide4_AA,MB
c_4_98_288,289,190,wm,98,6086,Superior colliculus motor related intermediate gray layer,SCig,-2.86,2.38,0.36,4_6,10.0,6.0,313.0,Midbrain,MBmot,SCm,GABA,MB,Dclk1-Htt IB HY-STR-SC,Other,Other Cells,8.17990909001493,0,Undefined,AA MOR,Slide4_AA,MB
c_4_98_223,382,243,xe,98,13865,Superior colliculus motor related intermediate gray layer,SCig,-2.89,2.45,0.36,4_6,10.0,6.0,313.0,Midbrain,MBmot,SCm,GABA-neuroendocrine-Neuropeptide,MB,Rbp4-Cnr1-Crebbp CTX-HY-MD,Other,Other Cells,8.58120058192496,0,Glut,AA MOR,Slide4_AA,MB
c_4_108_179,180,90,lr,108,1850,Superior colliculus superficial gray layer,SCsg,-3.09,1.72,0.36,4_6,842.0,6.0,313.0,Midbrain,MBsen,SCs,Oligodendrocyte, ,Oligodendrocyte Brwd1-Rpia-Ada P,Oligodendrocyte,Glial,7.49984588708321,0,Undefined,AA MOR,Slide4_AA,MB
c_4_99_870,552,303,mk,99,8987,Superior colliculus motor related intermediate gray layer,SCig,-3.48,2.02,0.36,4_6,10.0,6.0,313.0,Midbrain,MBmot,SCm,Oligodendrocyte, ,,,,9.11113567023471,0,GABA,AA MOR,Slide4_AA,MB
c_4_58_458,243,120,lr,58,5174,Red nucleus,RN,-3.36,4.45,0.36,4_6,214.0,5.0,313.0,Midbrain,MBmot,RN,Oligodendrocyte, ,Oligodendrocyte Brwd1-Rpia-Ada P,Oligodendrocyte,Glial,7.93073733756289,0,Undefined,AA MOR,Slide4_AA,MB
c_4_109_525,274,138,fu,109,4415,Superior colliculus optic layer,SCop,-3.67,1.5,0.36,4_6,851.0,6.0,313.0,Midbrain,MBsen,SCs,Microglia,CTX,Microglia Tfdp2-Cckbr-Shprh Isocortex,Microglia,Glial,8.10328780841202,1,Undefined,AA MOR,Slide4_AA,MB
c_4_110_297,304,171,wm,110,1854,Superior colliculus optic layer,SCop,-4.53,1.48,0.36,4_6,851.0,6.0,313.0,Midbrain,MBsen,SCs,GABA,MB,Rbp4-Cnr1-Crebbp CTX-HY-MD,Other,Other Cells,8.25266543245025,0,Nora-Hist,AA MOR,Slide4_AA,MB
c_4_98_373,278,174,qj,98,12571,Superior colliculus motor related deep gray layer,SCdg,-3.36,2.36,0.36,4_6,26.0,6.0,313.0,Midbrain,MBmot,SCm, -Oligodendrocyte,MB,Oligodendrocyte Ybx1-Mgll MB-P-STRv,Oligodendrocyte,Glial,8.12412131182919,0,Glut-Hist,AA MOR,Slide4_AA,MB
c_4_99_467,756,346,wm,99,6737,Superior colliculus motor related deep gray layer,SCdg,-3.46,2.31,0.36,4_6,26.0,6.0,313.0,Midbrain,MBmot,SCm,GABA,MB,Glut Nfasc-Olig1-Mag BST-HY-SC,Glut,Neuronal,9.56414948998573,0,Chol,AA MOR,Slide4_AA,MB
c_4_57_501,472,235,lr,57,4777,Midbrain,MB,-2.64,4.42,0.36,4_6,313.0,3.0,313.0,Midbrain,MB,MB,Oligodendrocyte, ,,,,8.88569637333939,0,GABA,AA MOR,Slide4_AA,MB
c_4_58_235,947,381,wm,58,8401,Midbrain,MB,-3.02,4.63,0.36,4_6,313.0,3.0,313.0,Midbrain,MB,MB,GABA,MB,Glut Nfasc-Olig1-Mag BST-HY-SC,Glut,Neuronal,9.88874324889826,0,Glut,AA MOR,Slide4_AA,MB
c_4_96_635,328,153,lr,96,5875,Midbrain,MB,-2.74,2.59,0.36,4_6,313.0,3.0,313.0,Midbrain,MB,MB,Oligodendrocyte, ,,,,8.36194377373524,0,Undefined,AA MOR,Slide4_AA,MB
c_4_109_881,365,180,xc,109,4804,Superior colliculus superficial gray layer,SCsg,-3.78,1.24,0.36,4_6,842.0,6.0,313.0,Midbrain,MBsen,SCs,Astrocyte, ,Astrocyte Arpp21-Drd1-Gnal MB-TH-HY,Astrocyte,Glial,8.51569983828404,0,GABA-Hist,AA MOR,Slide4_AA,MB
c_4_109_873,192,112,xe,109,4467,Superior colliculus superficial gray layer,SCsg,-3.83,1.21,0.36,4_6,842.0,6.0,313.0,Midbrain,MBsen,SCs,GABA-neuroendocrine-Neuropeptide,MB,Rbp4-Cnr1-Crebbp CTX-HY-MD,Other,Other Cells,7.59245703726808,0,Undefined,AA MOR,Slide4_AA,MB
c_4_109_823,176,111,gb,109,4416,Superior colliculus superficial gray layer,SCsg,-3.57,1.29,0.36,4_6,842.0,6.0,313.0,Midbrain,MBsen,SCs,endothelial, ,Endothelial H6pd-Vegfa-Grk3 CTX-TH-MB-P,Endothelial,Other Cells,7.467605550083,0,Undefined,AA MOR,Slide4_AA,MB
c_4_344_481,1038,393,lt,344,13362,Cerebellum,CB,-5.58,1.63,0.42,4_4,512.0,2.0,512.0,Cerebellum,CB,CB,Glut-neuroendocrine-Neuropeptide,MB,,Other,Other Cells,10.0209799389042,0,Glut-GABA-Chol,AA SAL,Slide4_AA,CB
c_4_344_615,1280,404,lt,344,10036,Cerebellum,CB,-5.57,1.58,0.42,4_4,512.0,2.0,512.0,Cerebellum,CB,CB,Glut-neuroendocrine-Neuropeptide,MB,,Other,Other Cells,10.3230547603416,1,Glut-GABA,AA SAL,Slide4_AA,CB
c_4_328_52,252,144,ti,328,9120,Cerebellum,CB,-5.44,2.11,0.42,4_4,512.0,2.0,512.0,Cerebellum,CB,CB,Undefined, ,Itm2a-SIc2a1-Cldn5 Isocortex-TH-MB,Other,Other Cells,7.98299357469431,0,Undefined,AA SAL,Slide4_AA,CB
c_4_344_776,692,303,lt,344,5529,Cerebellum,CB,-5.55,1.49,0.42,4_4,512.0,2.0,512.0,Cerebellum,CB,CB,Glut-neuroendocrine-Neuropeptide,MB,,Other,Other Cells,9.43671154213721,0,Undefined,AA SAL,Slide4_AA,CB
c_4_328_747,788,308,we,328,11448,Cerebellum,CB,-5.45,2.08,0.42,4_4,512.0,2.0,512.0,Cerebellum,CB,CB,Astrocyte-Oligodendrocyte, ,Astrocyte Ptpn4-Plcb4-Kcnq3 MB-IB-HB,Astrocyte,Glial,9.62388149001346,0,Glut,AA SAL,Slide4_AA,CB
c_4_344_407,905,353,lt,344,6101,Cerebellum,CB,-5.58,1.72,0.42,4_4,512.0,2.0,512.0,Cerebellum,CB,CB,Glut-neuroendocrine-Neuropeptide,MB,,Other,Other Cells,9.82336724004623,0,Glut-GABA,AA SAL,Slide4_AA,CB
c_4_344_146,284,189,nl,344,4266,Cerebellum,CB,-5.54,1.89,0.42,4_4,512.0,2.0,512.0,Cerebellum,CB,CB,Undefined, ,Endothelial H6pd-Vegfa-Grk3 CTX-TH-MB-P,Endothelial,Other Cells,8.1548181090521,0,Undefined,AA SAL,Slide4_AA,CB
c_4_327_77,234,147,gb,327,5356,Cerebellum,CB,-5.25,2.66,0.42,4_4,512.0,2.0,512.0,Cerebellum,CB,CB,endothelial, ,Endothelial Alpi-Man2a1-C5ar1 MB-STR,Endothelial,Other Cells,7.876516946565,1,Undefined,AA SAL,Slide4_AA,CB
c_4_344_527,606,271,wk,344,4658,Cerebellum,CB,-5.59,1.64,0.42,4_4,512.0,2.0,512.0,Cerebellum,CB,CB,Glut-neuroendocrine-Neuropeptide,MB-IB,,Other,Other Cells,9.24555270625568,1,Undefined,AA SAL,Slide4_AA,CB
c_4_223_399,549,247,wk,223,7225,Cerebellum,CB,-5.41,2.14,0.39,4_5,512.0,2.0,512.0,Cerebellum,CB,CB,Glut-neuroendocrine-Neuropeptide,MB-IB,Glut Nfasc-Olig1-Mag BST-HY-SC,Glut,Neuronal,9.10328780841202,0,Glut,AA SAL,Slide4_AA,CB
c_4_328_187,1005,357,vw,328,18757,Cerebellum,CB,-5.24,2.56,0.42,4_4,512.0,2.0,512.0,Cerebellum,CB,CB,Astrocyte,IB,GABA Glul-Itch-Agt HY-STRv-MB,GABA,Neuronal,9.97441458980553,0,GABA,AA SAL,Slide4_AA,CB
c_4_344_658,652,304,xe,344,7599,Cerebellum,CB,-5.57,1.56,0.42,4_4,512.0,2.0,512.0,Cerebellum,CB,CB,GABA-neuroendocrine-Neuropeptide,MB,,Other,Other Cells,9.35093918154643,0,Glut,AA SAL,Slide4_AA,CB
c_4_328_355,805,302,gn,328,11979,Cerebellum,CB,-5.29,2.4,0.42,4_4,512.0,2.0,512.0,Cerebellum,CB,CB,Astrocyte, ,Astrocyte Oprm1-Tnks-Prkar2a LH-RSC,Astrocyte,Glial,9.65463602852797,0,Undefined,AA SAL,Slide4_AA,CB
c_4_344_561,806,325,ps,344,6572,Cerebellum,CB,-5.57,1.6,0.42,4_4,512.0,2.0,512.0,Cerebellum,CB,CB,GABA-neuroendocrine-Neuropeptide,MB,Microglia Csnk1a1-Tle4-Dnm11 Isocortex,Microglia,Glial,9.65642486327778,0,Undefined,AA SAL,Slide4_AA,CB
c_4_344_49,828,321,rk,344,7601,Cerebellum,CB,-5.59,1.67,0.42,4_4,512.0,2.0,512.0,Cerebellum,CB,CB,GABA,CNU,,Other,Other Cells,9.69522829149575,1,Glut,AA SAL,Slide4_AA,CB
c_4_328_63,451,225,lh,328,4012,Cerebellum,CB,-5.25,2.7,0.42,4_4,512.0,2.0,512.0,Cerebellum,CB,CB,Astrocyte,CBX,,,,8.82017896241519,0,Undefined,AA SAL,Slide4_AA,CB
c_4_223_437,193,114,fu,223,3372,Cerebellum,CB,-5.44,2.08,0.39,4_5,512.0,2.0,512.0,Cerebellum,CB,CB,Microglia,CTX,Microglia Csnk1a1-Tle4-Dnm11 Isocortex,Microglia,Glial,7.59991284218713,1,Glut,AA SAL,Slide4_AA,CB
c_4_223_501,934,352,xe,223,11049,Cerebellum,CB,-5.46,2.02,0.39,4_5,512.0,2.0,512.0,Cerebellum,CB,CB,GABA-neuroendocrine-Neuropeptide,MB,GABA Tspan7-Chrm2-SIc8a1 HY-MB-STRv,GABA,Neuronal,9.868822554775,0,GABA,AA SAL,Slide4_AA,CB
c_4_328_629,259,159,ti,328,4114,Cerebellum,CB,-5.26,2.7,0.42,4_4,512.0,2.0,512.0,Cerebellum,CB,CB,Undefined, ,Itm2a-SIc2a1-Cldn5 Isocortex-TH-MB,Other,Other Cells,8.02236781302845,0,GABA,AA SAL,Slide4_AA,CB
c_4_223_58,127,93,xe,223,6169,Cerebellum,CB,-5.48,1.96,0.39,4_5,512.0,2.0,512.0,Cerebellum,CB,CB,GABA-neuroendocrine-Neuropeptide,MB,Rbp4-Cnr1-Crebbp CTX-HY-MD,Other,Other Cells,7.0,0,Undefined,AA SAL,Slide4_AA,CB
c_4_200_67,599,260,xc,200,4825,Pontine central gray,PCG,-5.22,4.02,0.39,4_5,898.0,6.0,1065.0,Hindbrain,P,P-mot,Astrocyte, ,,,,9.22881869049588,0,GABA-Hist,AA SAL,Slide4_AA,HB
c_4_172_342,754,280,lr,172,10353,Paragigantocellular reticular nucleus dorsal part,PGRNd,-5.89,5.4,0.39,4_5,970.0,7.0,1065.0,Hindbrain,MY,MY-mot,Oligodendrocyte, ,Oligodendrocyte Epn2-Vcan-Cspg4 HB MY,Oligodendrocyte,Glial,9.56033283421244,1,GABA-Hist,AA SAL,Slide4_AA,HB
c_4_264_651,604,228,lr,264,4570,Pontine reticular nucleus,PRNr,-4.06,5.43,0.42,4_4,146.0,6.0,1065.0,Hindbrain,P,P-sat,Oligodendrocyte, ,Oligodendrocyte Dock3-Syn3-Kcnq5 STR-MB-P,Oligodendrocyte,Glial,9.24079133216196,0,Glut,AA SAL,Slide4_AA,HB
c_4_312_139,229,158,gb,312,4227,Laterodorsal tegmental nucleus,LDT,-4.86,3.73,0.42,4_4,162.0,6.0,1065.0,Hindbrain,P,P-sat,endothelial, ,Endothelial H6pd-Vegfa-Grk3 CTX-TH-MB-P,Endothelial,Other Cells,7.84549005094437,0,Undefined,AA SAL,Slide4_AA,HB
c_4_155_75,709,245,lr,155,5779,Tegmental reticular nucleus,TRN,-4.25,6.09,0.39,4_5,574.0,6.0,1065.0,Hindbrain,P,P-mot,Oligodendrocyte, ,,Other,Other Cells,9.47167521439204,0,Undefined,AA SAL,Slide4_AA,HB
c_4_201_322,116,100,wm,201,5964,Pontine central gray,PCG,-5.14,3.92,0.39,4_5,898.0,6.0,1065.0,Hindbrain,P,P-mot,GABA,MB,Rbp4-Cnr1-Crebbp CTX-HY-MD,Other,Other Cells,6.8703647195834,0,GABA,AA SAL,Slide4_AA,HB
c_4_251_162,436,232,mm,251,6611,Magnocellular reticular nucleus,MARN,-5.11,6.69,0.42,4_4,307.0,6.0,1065.0,Hindbrain,MY,MY-mot,Oligodendrocyte, ,,,,8.7714894695006,0,Undefined,AA SAL,Slide4_AA,HB
c_4_265_162,538,221,lr,265,6247,Pontine reticular nucleus caudal part,PRNc,-5.18,5.98,0.42,4_4,1093.0,6.0,1065.0,Hindbrain,P,P-mot,Oligodendrocyte, ,Oligodendrocyte Gpm6a-Cacna2d1-Fbxw7 BST-P,Oligodendrocyte,Glial,9.07414146275251,1,Undefined,AA SAL,Slide4_AA,HB
c_4_186_860,365,208,xe,186,8751,Pontine central gray,PCG,-5.23,4.2,0.39,4_5,898.0,6.0,1065.0,Hindbrain,P,P-mot,GABA-neuroendocrine-Neuropeptide,MB,Glut Nfasc-Olig1-Mag BST-HY-SC,Glut,Neuronal,8.51569983828404,0,GABA,AA SAL,Slide4_AA,HB
c_4_186_445,380,207,dg,186,5279,Pontine central gray,PCG,-5.5,4.56,0.39,4_5,898.0,6.0,1065.0,Hindbrain,P,P-mot,Microglia, ,,,,8.57364718749332,0,Undefined,AA SAL,Slide4_AA,HB
c_4_279_57,837,317,ta,279,8493,Pons,P,-4.53,4.81,0.42,4_4,771.0,4.0,1065.0,Hindbrain,P,P,GABA,MB,Glut Higd1b-Pdgfrb-Igfbp7 P,Glut,Neuronal,9.71080643369935,0,Glut,AA SAL,Slide4_AA,HB
c_4_248_388,171,104,sr,248,4044,Pontine gray,PG,-3.63,6.39,0.42,4_4,931.0,6.0,1065.0,Hindbrain,P,P-mot,Astrocyte, ,Oligodendrocyte Pak2-Vcan CTX,Oligodendrocyte,Glial,7.4262647547021,0,Undefined,AA SAL,Slide4_AA,HB
c_4_264_511,773,327,wk,264,9394,Pontine reticular nucleus,PRNr,-4.44,5.59,0.42,4_4,146.0,6.0,1065.0,Hindbrain,P,P-sat,Glut-neuroendocrine-Neuropeptide,MB-IB,Glut Oprd1-Adam22-Sox6 TH-HY-MY,Glut,Neuronal,9.59618975614441,0,Glut,AA SAL,Slide4_AA,HB
c_4_154_209,245,141,fp,154,6851,Tegmental reticular nucleus,TRN,-3.71,5.81,0.39,4_5,574.0,6.0,1065.0,Hindbrain,P,P-mot,Microglia, ,,,,7.94251450533924,1,Undefined,AA SAL,Slide4_AA,HB
c_4_250_315,348,161,lr,250,4875,Pontine gray,PG,-3.76,6.38,0.42,4_4,931.0,6.0,1065.0,Hindbrain,P,P-mot,Oligodendrocyte, ,,,,8.44708322620965,0,Glut-Chol,AA SAL,Slide4_AA,HB
c_4_140_302,662,275,mm,140,16655,Pontine gray,PG,-3.62,6.35,0.39,4_5,931.0,6.0,1065.0,Hindbrain,P,P-mot,Oligodendrocyte, ,Oligodendrocyte Megf11-Scg5-Wscd1 MB,Oligodendrocyte,Glial,9.37286506011259,1,Chol,AA SAL,Slide4_AA,HB
c_4_263_349,292,168,mm,263,6915,Pons,P,-3.58,5.68,0.42,4_4,771.0,4.0,1065.0,Hindbrain,P,P,Oligodendrocyte, ,Rgs6-Gabbr2-Cacna1e TH-HPF,Other,Other Cells,8.19475685442225,0,Glut,AA SAL,Slide4_AA,HB
c_4_250_602,477,187,hp,250,6971,Tegmental reticular nucleus,TRN,-3.78,6.15,0.42,4_4,574.0,6.0,1065.0,Hindbrain,P,P-mot,Astrocyte-Oligodendrocyte-Ependymal,HB,Oligodendrocyte Ip6k2-Atrn-Bcl2l1 P-MY,Oligodendrocyte,Glial,8.90086680798075,1,Undefined,AA SAL,Slide4_AA,HB
c_4_249_305,118,75,al,249,3665,Pontine gray,PG,-3.52,6.25,0.42,4_4,931.0,6.0,1065.0,Hindbrain,P,P-mot,Glut,HB,Glut Higd1b-Pdgfrb-Igfbp7 P,Glut,Neuronal,6.89481776330794,1,Undefined,AA SAL,Slide4_AA,HB
c_4_172_569,1372,416,qj,172,13703,Gigantocellular reticular nucleus,GRN,-5.83,5.69,0.39,4_5,1048.0,6.0,1065.0,Hindbrain,MY,MY-mot, -Oligodendrocyte,MB,,,,10.4231159101471,0,Undefined,AA SAL,Slide4_AA,HB
c_4_213_195,634,286,qj,213,15793,Periaqueductal gray,PAG,-4.66,3.1,0.39,4_5,795.0,5.0,313.0,Midbrain,MBmot,PAG, -Oligodendrocyte,MB,,,,9.31061278165953,0,Undefined,AA SAL,Slide4_AA,MB
c_4_312_465,746,280,ot,312,4649,Periaqueductal gray,PAG,-4.86,3.36,0.42,4_4,795.0,5.0,313.0,Midbrain,MBmot,PAG,Chol,HB,GABA Glul-Itch-Agt HY-STRv-MB,GABA,Neuronal,9.54496443278924,0,Undefined,AA SAL,Slide4_AA,MB
c_4_220_360,303,179,an,220,6215,Superior colliculus zonal layer,SCzo,-2.93,1.87,0.39,4_5,834.0,6.0,313.0,Midbrain,MBsen,SCs,Glut,CTX,Rbp4-Cnr1-Crebbp CTX-HY-MD,Other,Other Cells,8.24792751344359,0,Glut,AA SAL,Slide4_AA,MB
c_4_182_661,318,204,ph,182,9049,Midbrain,MB,-2.38,3.76,0.39,4_5,313.0,3.0,313.0,Midbrain,MB,MB,Undefined-GABA-neuroendocrine-Neuropeptide,IB,Glut Nfasc-Olig1-Mag BST-HY-SC,Glut,Neuronal,8.31741261376487,0,Glut,AA SAL,Slide4_AA,MB
c_4_220_186,250,147,fu,220,5069,Superior colliculus optic layer,SCop,-2.99,2.07,0.39,4_5,851.0,6.0,313.0,Midbrain,MBsen,SCs,Microglia,CTX,,,,7.97154355395077,0,Chol,AA SAL,Slide4_AA,MB
c_4_209_67,102,64,ve,209,3693,Medial pretectal area,MPT,-2.62,2.46,0.39,4_5,531.0,6.0,313.0,Midbrain,MBmot,PRT,Glut-Astrocyte,IB,Astrocyte Higd1b-P2ry14-Axl TH-STRv-MB-P,Astrocyte,Glial,6.68650052718322,0,Undefined,AA SAL,Slide4_AA,MB
c_4_277_242,375,202,xe,277,6871,Midbrain,MB,-2.58,5.06,0.42,4_4,313.0,3.0,313.0,Midbrain,MB,MB,GABA-neuroendocrine-Neuropeptide,MB,Glut Oprd1-Adam22-Sox6 TH-HY-MY,Glut,Neuronal,8.55458885167764,0,Undefined,AA SAL,Slide4_AA,MB
c_4_292_396,685,233,lr,292,7131,Midbrain reticular nucleus,MRN,-3.0,4.24,0.42,4_4,128.0,5.0,313.0,Midbrain,MBmot,MRN,Oligodendrocyte, ,Oligodendrocyte Dock3-Syn3-Kcnq5 STR-MB-P,Oligodendrocyte,Glial,9.42206476617281,0,Undefined,AA SAL,Slide4_AA,MB
c_4_295_365,446,187,lr,295,5327,Midbrain reticular nucleus,MRN,-4.66,4.28,0.42,4_4,128.0,5.0,313.0,Midbrain,MBmot,MRN,Oligodendrocyte, ,Oligodendrocyte Gpm6a-Cacna2d1-Fbxw7 BST-P,Oligodendrocyte,Glial,8.80413102118332,0,Undefined,AA SAL,Slide4_AA,MB
c_4_294_94,834,258,lr,294,7042,Midbrain reticular nucleus,MRN,-4.39,4.64,0.42,4_4,128.0,5.0,313.0,Midbrain,MBmot,MRN,Oligodendrocyte, ,Oligodendrocyte Cd14-Tgfbr1-Selplg RSP-P,Oligodendrocyte,Glial,9.70563238736142,1,GABA,AA SAL,Slide4_AA,MB
c_4_222_380,398,174,lr,222,4663,Superior colliculus motor related deep gray layer,SCdg,-4.33,2.09,0.39,4_5,26.0,6.0,313.0,Midbrain,MBmot,SCm,Oligodendrocyte, ,Oligodendrocyte Gpm6a-Cacna2d1-Fbxw7 BST-P,Oligodendrocyte,Glial,8.64024493622235,0,Glut,AA SAL,Slide4_AA,MB
c_4_294_370,659,246,lr,294,4754,Midbrain reticular nucleus,MRN,-4.42,4.33,0.42,4_4,128.0,5.0,313.0,Midbrain,MBmot,MRN,Oligodendrocyte, ,Oligodendrocyte Dock3-Syn3-Kcnq5 STR-MB-P,Oligodendrocyte,Glial,9.36632221424582,0,Hist,AA SAL,Slide4_AA,MB
c_4_341_682,1081,379,wk,341,6310,Superior colliculus optic layer,SCop,-2.93,2.07,0.42,4_4,851.0,6.0,313.0,Midbrain,MBsen,SCs,Glut-neuroendocrine-Neuropeptide,MB-IB,Glut Oprd1-Adam22-Sox6 TH-HY-MY,Glut,Neuronal,10.0794847838268,0,Hist,AA SAL,Slide4_AA,MB
c_4_221_432,203,124,xe,221,4575,Superior colliculus motor related intermediate white layer,SCiw,-3.77,2.03,0.39,4_5,17.0,6.0,313.0,Midbrain,MBmot,SCm,GABA-neuroendocrine-Neuropeptide,MB,GABA Sall1-Cacna1c-Phc2 Isocortex,GABA,Neuronal,7.6724253419715,0,GABA,AA SAL,Slide4_AA,MB
c_4_309_300,134,83,te,309,7614,Midbrain reticular nucleus,MRN,-2.91,3.59,0.42,4_4,128.0,5.0,313.0,Midbrain,MBmot,MRN,Oligodendrocyte,MB,Syn2-Shc3-Mef2a HY-MB,Other,Other Cells,7.07681559705083,0,Undefined,AA SAL,Slide4_AA,MB
c_4_341_812,202,134,qj,341,5488,Superior colliculus optic layer,SCop,-3.14,1.98,0.42,4_4,851.0,6.0,313.0,Midbrain,MBsen,SCs, -Oligodendrocyte,MB,Rbp4-Cnr1-Crebbp CTX-HY-MD,Other,Other Cells,7.66533591718518,0,Undefined,AA SAL,Slide4_AA,MB
c_4_328_240,970,383,ao,328,8258,Periaqueductal gray,PAG,-4.89,2.5,0.42,4_4,795.0,5.0,313.0,Midbrain,MBmot,PAG,GABA-neuroendocrine-Neuropeptide,IB,GABA Tspan7-Chrm2-SIc8a1 HY-MB-STRv,GABA,Neuronal,9.92332748541919,0,GABA-Sero-Hist,AA SAL,Slide4_AA,MB
c_4_169_384,1017,386,xe,169,13626,Midbrain,MB,-3.71,4.95,0.39,4_5,313.0,3.0,313.0,Midbrain,MB,MB,GABA-neuroendocrine-Neuropeptide,MB,GABA Tspan7-Chrm2-SIc8a1 HY-MB-STRv,GABA,Neuronal,9.9915218460757,1,GABA,AA SAL,Slide4_AA,MB
c_4_340_407,399,202,lr,340,3988,Medial pretectal area,MPT,-2.62,2.59,0.42,4_4,531.0,6.0,313.0,Midbrain,MBmot,PRT,Oligodendrocyte, ,,,,8.64385618977473,0,Undefined,AA SAL,Slide4_AA,MB
c_4_325_615,948,338,ta,325,6248,Superior colliculus motor related intermediate white layer,SCiw,-2.87,2.75,0.42,4_4,17.0,6.0,313.0,Midbrain,MBmot,SCm,GABA,MB,GABA-Astrocyte Pde10a-Ppp1r1b-Drd1 MSC-HY-MB-P,GABA-Astrocyte,Neuronal,9.89026427702111,0,Glut-GABA,AA SAL,Slide4_AA,MB
